collection,company,field,original_url,local_file,status
blog,,Body Content,https://cdn.prod.website-files.com/67b86eb1f718fa2c5be225e4/686fbbe02cb82ea0580f65ac_2.png,assets/blog/686fbbe02cb82ea0580f65ac_2.png,ok
blog,,Body Content,https://cdn.prod.website-files.com/67b86eb1f718fa2c5be225e4/686fbbf7dc6a7a63b27cd85d_3.png,assets/blog/686fbbf7dc6a7a63b27cd85d_3.png,ok
blog,,Body Content,https://cdn.prod.website-files.com/67b86eb1f718fa2c5be225e4/686fbc07579a8831a172ec02_4.png,assets/blog/686fbc07579a8831a172ec02_4.png,ok
blog,,Hero Image,https://cdn.prod.website-files.com/67b86eb1f718fa2c5be225e4/686fbb5474872d3cf8f220b1_budgeting-tips-for-every-restaurateur.png,assets/blog/686fbb5474872d3cf8f220b1_budgeting-tips-for-every-restaurateur.png,ok
blog,,Hero Image,https://cdn.prod.website-files.com/67b86eb1f718fa2c5be225e4/696900bbbabf35f9894a6d7b_food-cost-control-variance-causes.png,assets/blog/696900bbbabf35f9894a6d7b_food-cost-control-variance-causes.png,ok
blog,,Hero Image,https://cdn.prod.website-files.com/67b86eb1f718fa2c5be225e4/6969cc57580cad966c344c98_supplier-invoice-errors-cost.png,assets/blog/6969cc57580cad966c344c98_supplier-invoice-errors-cost.png,ok
blog,,Body Content,https://cdn.prod.website-files.com/67b86eb1f718fa2c5be225e4/686fb9347e001b21e952b873_2.png,assets/blog/686fb9347e001b21e952b873_2.png,ok
blog,,Body Content,https://cdn.prod.website-files.com/67b86eb1f718fa2c5be225e4/686fb93c3e37762cf4962b60_3.png,assets/blog/686fb93c3e37762cf4962b60_3.png,ok
blog,,Body Content,https://cdn.prod.website-files.com/67b86eb1f718fa2c5be225e4/686fb94dcf61c0dd71bb7d85_4.png,assets/blog/686fb94dcf61c0dd71bb7d85_4.png,ok
blog,,Body Content,https://cdn.prod.website-files.com/67b86eb1f718fa2c5be225e4/686fb961efab73517f5e3d28_5.png,assets/blog/686fb961efab73517f5e3d28_5.png,ok
blog,,Hero Image,https://cdn.prod.website-files.com/67b86eb1f718fa2c5be225e4/686fb81e6da6f66b2a33d6ff_How%20Small%20Restaurants%20Can%20Stand%20Out%20in%20a%20Crowded%20Market.png,assets/blog/686fb81e6da6f66b2a33d6ff_How_Small_Restaurants_Can_Stand_Out_in_a_Crowded_Market.png,ok
blog,,Body Content,https://cdn.prod.website-files.com/67b86eb1f718fa2c5be225e4/686fbde6323da54dcebb47f4_2.png,assets/blog/686fbde6323da54dcebb47f4_2.png,ok
blog,,Body Content,https://cdn.prod.website-files.com/67b86eb1f718fa2c5be225e4/686fbdf5d897ecd9a49018bd_3.png,assets/blog/686fbdf5d897ecd9a49018bd_3.png,ok
blog,,Body Content,https://cdn.prod.website-files.com/67b86eb1f718fa2c5be225e4/686fbe07d3a2bc9434a31c83_4.png,assets/blog/686fbe07d3a2bc9434a31c83_4.png,ok
blog,,Body Content,https://cdn.prod.website-files.com/67b86eb1f718fa2c5be225e4/686fbe15d33123ac200c68b7_5.png,assets/blog/686fbe15d33123ac200c68b7_5.png,ok
blog,,Hero Image,https://cdn.prod.website-files.com/67b86eb1f718fa2c5be225e4/686fbdbfc8432d4e485a278a_how-to-capitalize-on-the-growing-plant-based-movement.png,assets/blog/686fbdbfc8432d4e485a278a_how-to-capitalize-on-the-growing-plant-based-movement.png,ok
blog,,Hero Image,https://cdn.prod.website-files.com/67b86eb1f718fa2c5be225e4/6968fc989e54b690708ed0f8_inventory-variance-tracking-restaurant-costs.png,assets/blog/6968fc989e54b690708ed0f8_inventory-variance-tracking-restaurant-costs.png,ok
blog,,Hero Image,https://cdn.prod.website-files.com/67b86eb1f718fa2c5be225e4/6a01608bcd0cf87293bc10d5_Norway%27s-Favorite-Coffee-Brands.png,assets/blog/6a01608bcd0cf87293bc10d5_Norway_s-Favorite-Coffee-Brands.png,ok
blog,,Hero Image,https://cdn.prod.website-files.com/67b86eb1f718fa2c5be225e4/696a3341f380bf21db9506fd_proactive-inventory-management-restaurants.png,assets/blog/696a3341f380bf21db9506fd_proactive-inventory-management-restaurants.png,ok
blog,,Body Content,https://cdn.prod.website-files.com/67b86eb1f718fa2c5be225e4/686faeeb323da54dceaaf4f8_2.png,assets/blog/686faeeb323da54dceaaf4f8_2.png,ok
blog,,Hero Image,https://cdn.prod.website-files.com/67b86eb1f718fa2c5be225e4/686ba1b5086f43de5cb68c9e_true-cost-of-no-shows.png,assets/blog/686ba1b5086f43de5cb68c9e_true-cost-of-no-shows.png,ok
blog,,Hero Image,https://cdn.prod.website-files.com/67b86eb1f718fa2c5be225e4/69690f280bbc9b18f55b31fe_true-cost-dining-out-restaurant-bill.png,assets/blog/69690f280bbc9b18f55b31fe_true-cost-dining-out-restaurant-bill.png,ok
blog,,Hero Image,https://cdn.prod.website-files.com/67b86eb1f718fa2c5be225e4/6968e2e705efb03e298eec05_inventory-management-software-restaurants-excel-alternative.jpeg,assets/blog/6968e2e705efb03e298eec05_inventory-management-software-restaurants-excel-alternative.jpeg,ok
blog,,Body Content,https://cdn.prod.website-files.com/67b86eb1f718fa2c5be225e4/686b5b3cc66c4f12c64edb8b_2.png,assets/blog/686b5b3cc66c4f12c64edb8b_2.png,ok
blog,,Body Content,https://cdn.prod.website-files.com/67b86eb1f718fa2c5be225e4/686b5b511036f1084e4f3e1d_3.png,assets/blog/686b5b511036f1084e4f3e1d_3.png,ok
blog,,Body Content,https://cdn.prod.website-files.com/67b86eb1f718fa2c5be225e4/686b5b63bb53d5dd40dd4687_4.png,assets/blog/686b5b63bb53d5dd40dd4687_4.png,ok
blog,,Hero Image,https://cdn.prod.website-files.com/67b86eb1f718fa2c5be225e4/686b5b05ce1a9da14037462c_your-guide-to-affordable-michelin-restaurants.png,assets/blog/686b5b05ce1a9da14037462c_your-guide-to-affordable-michelin-restaurants.png,ok
blog,,Body Content,https://cdn.prod.website-files.com/67b86eb1f718fa2c5be225e4/6a016798595ef4a22930bf38_How%20Restaurant%20Groups%20Manage%20Food%20Costs%20Across%20Multiple%20Locations-2.png,assets/blog/6a016798595ef4a22930bf38_How_Restaurant_Groups_Manage_Food_Costs_Across_Multiple_Locations-2.png,ok
blog,,Hero Image,https://cdn.prod.website-files.com/67b86eb1f718fa2c5be225e4/6a0167392440d95e41760ab6_How%20Restaurant%20Groups%20Manage%20Food%20Costs%20Across%20Multiple%20Locations.png,assets/blog/6a0167392440d95e41760ab6_How_Restaurant_Groups_Manage_Food_Costs_Across_Multiple_Locations.png,ok
blog,,Hero Image,https://cdn.prod.website-files.com/67b86eb1f718fa2c5be225e4/6a016a830e64648f10d11672_What%27s%20a%20Good%20Food%20Cost%20Percentage%20for%20Restaurants%3F.png,assets/blog/6a016a830e64648f10d11672_What_s_a_Good_Food_Cost_Percentage_for_Restaurants_.png,ok
blog,,Body Content,https://cdn.prod.website-files.com/67b86eb1f718fa2c5be225e4/6a0172b5f0f4c6a04c993d07_How%20to%20Track%20Supplier%20Price%20Changes%20in%20Your%20Restaurant-2.png,assets/blog/6a0172b5f0f4c6a04c993d07_How_to_Track_Supplier_Price_Changes_in_Your_Restaurant-2.png,ok
blog,,Hero Image,https://cdn.prod.website-files.com/67b86eb1f718fa2c5be225e4/6a01726759e840dbc6ae6699_How%20to%20Track%20Supplier%20Price%20Changes%20in%20Your%20Restaurant.png,assets/blog/6a01726759e840dbc6ae6699_How_to_Track_Supplier_Price_Changes_in_Your_Restaurant.png,ok
blog,,Body Content,https://cdn.prod.website-files.com/67b86eb1f718fa2c5be225e4/6a016a830e64648f10d11672_What%27s%20a%20Good%20Food%20Cost%20Percentage%20for%20Restaurants%3F.png,assets/blog/6a016a830e64648f10d11672_What_s_a_Good_Food_Cost_Percentage_for_Restaurants_.png,dup
blog,,Hero Image,https://cdn.prod.website-files.com/67b86eb1f718fa2c5be225e4/6a01755baf8a8b32d7413b27_How%20to%20Build%20a%20Food%20Cost%20Tracking%20System%20for%20Your%20Restaurant.png,assets/blog/6a01755baf8a8b32d7413b27_How_to_Build_a_Food_Cost_Tracking_System_for_Your_Restaurant.png,ok
blog,,Hero Image,https://cdn.prod.website-files.com/67b86eb1f718fa2c5be225e4/6a0be5c7e9885d02f94afb45_From%20Invoice%20to%20Insight.png,assets/blog/6a0be5c7e9885d02f94afb45_From_Invoice_to_Insight.png,ok
blog,,Hero Image,https://cdn.prod.website-files.com/67b86eb1f718fa2c5be225e4/6a0be97a5c50c9379ae4ead9_How%20to%20Integrate%20POS%2C%20Inventory%2C%20and%20Accounting%20in%20a%20Restaurant.png,assets/blog/6a0be97a5c50c9379ae4ead9_How_to_Integrate_POS__Inventory__and_Accounting_in_a_Restaurant.png,ok
blog,,Hero Image,https://cdn.prod.website-files.com/67b86eb1f718fa2c5be225e4/6a0bdc6733c2fbea698217ba_eoretical%20vs%20Actual%20Food%20Cost.png,assets/blog/6a0bdc6733c2fbea698217ba_eoretical_vs_Actual_Food_Cost.png,ok
blog,,Hero Image,https://cdn.prod.website-files.com/67b86eb1f718fa2c5be225e4/6a0be0f72a273f261987a440_Restaurant%20Groups%20Are%20Rebuilding%20Their%20Tech%20Stack.png,assets/blog/6a0be0f72a273f261987a440_Restaurant_Groups_Are_Rebuilding_Their_Tech_Stack.png,ok
blog,,Hero Image,https://cdn.prod.website-files.com/67b86eb1f718fa2c5be225e4/6a0be80fd64d3885249785d7_Why%20Restaurant%20Group%20Scaling%20Stalls%20at%20the%20Third%20Location.png,assets/blog/6a0be80fd64d3885249785d7_Why_Restaurant_Group_Scaling_Stalls_at_the_Third_Location.png,ok
blog,,Hero Image,https://cdn.prod.website-files.com/67b86eb1f718fa2c5be225e4/6a0be45cff0194cfaa9fdf54_How%20to%20Count%20Bar%20Inventory%20Faster.png,assets/blog/6a0be45cff0194cfaa9fdf54_How_to_Count_Bar_Inventory_Faster.png,ok
customer-stories,Eik&Friends,User Profile Photo,https://cdn.prod.website-files.com/67b86eb1f718fa2c5be225e4/69578bfdd902d65ced918501_tom-victor.jpeg,assets/customer-stories/69578bfdd902d65ced918501_tom-victor.jpeg,exists
customer-stories,Eik&Friends,Company Logo (Primary),https://cdn.prod.website-files.com/67b86eb1f718fa2c5be225e4/694abc5eb8c6529a08242b48_eik-and-friends.png,assets/customer-stories/694abc5eb8c6529a08242b48_eik-and-friends.png,exists
customer-stories,Eik&Friends,Company Logo (transparent),https://cdn.prod.website-files.com/67b86eb1f718fa2c5be225e4/695281f9f5351c4fa6c3bdfe_user-eikandfriends.png,assets/customer-stories/695281f9f5351c4fa6c3bdfe_user-eikandfriends.png,exists
customer-stories,Eik&Friends,Thumbnail for Customer Story,https://cdn.prod.website-files.com/67b86eb1f718fa2c5be225e4/69578c3af066353664f35951_Stallen-Selskapslokale-Eik%26Friends-3.jpeg,assets/customer-stories/69578c3af066353664f35951_Stallen-Selskapslokale-Eik_Friends-3.jpeg,exists
customer-stories,Eik&Friends,3-Image Grid,https://cdn.prod.website-files.com/67b86eb1f718fa2c5be225e4/69578e787ede59b848ed9686_eikandfriends.jpeg,assets/customer-stories/69578e787ede59b848ed9686_eikandfriends.jpeg,exists
customer-stories,Eik&Friends,3-Image Grid,https://cdn.prod.website-files.com/67b86eb1f718fa2c5be225e4/69578e7738fb82358c391666_eikandfriends-1.webp,assets/customer-stories/69578e7738fb82358c391666_eikandfriends-1.webp,exists
customer-stories,Eik&Friends,3-Image Grid,https://cdn.prod.website-files.com/67b86eb1f718fa2c5be225e4/69578e778e3d113e2afb0783_eikandfriends-2.jpeg,assets/customer-stories/69578e778e3d113e2afb0783_eikandfriends-2.jpeg,exists
customer-stories,Eik&Friends,Single Image Feature,https://cdn.prod.website-files.com/67b86eb1f718fa2c5be225e4/69578c3af066353664f35951_Stallen-Selskapslokale-Eik%26Friends-3.jpeg,assets/customer-stories/69578c3af066353664f35951_Stallen-Selskapslokale-Eik_Friends-3.jpeg,dup
customer-stories,Heim Gastropub,User Profile Photo,https://cdn.prod.website-files.com/67b86eb1f718fa2c5be225e4/694a482de4202fb9f05d669b_anja-skj%C3%A6vestad.jpg,assets/customer-stories/694a482de4202fb9f05d669b_anja-skj_vestad.jpg,exists
customer-stories,Heim Gastropub,Company Logo (Primary),https://cdn.prod.website-files.com/67b86eb1f718fa2c5be225e4/694a483f6bd1da71d0f3b265_heim-1080x1080.png,assets/customer-stories/694a483f6bd1da71d0f3b265_heim-1080x1080.png,exists
customer-stories,Heim Gastropub,Company Logo (transparent),https://cdn.prod.website-files.com/67b86eb1f718fa2c5be225e4/6957f351efcb4150333fd5bd_user-heimgastropub.png,assets/customer-stories/6957f351efcb4150333fd5bd_user-heimgastropub.png,exists
customer-stories,Heim Gastropub,Thumbnail for Customer Story,https://cdn.prod.website-files.com/67b86eb1f718fa2c5be225e4/694abb4592784a24af0d86c5_heim-Lillehammer.jpg,assets/customer-stories/694abb4592784a24af0d86c5_heim-Lillehammer.jpg,exists
customer-stories,Heim Gastropub,3-Image Grid,https://cdn.prod.website-files.com/67b86eb1f718fa2c5be225e4/695791f906a349a518fe35fe_heim-1.jpg,assets/customer-stories/695791f906a349a518fe35fe_heim-1.jpg,exists
customer-stories,Heim Gastropub,3-Image Grid,https://cdn.prod.website-files.com/67b86eb1f718fa2c5be225e4/695791f807cd2784d24b4079_heim.jpg,assets/customer-stories/695791f807cd2784d24b4079_heim.jpg,exists
customer-stories,Heim Gastropub,3-Image Grid,https://cdn.prod.website-files.com/67b86eb1f718fa2c5be225e4/695791f8a1917378086ef63f_heim-3.jpg,assets/customer-stories/695791f8a1917378086ef63f_heim-3.jpg,exists
customer-stories,Heim Gastropub,Single Image Feature,https://cdn.prod.website-files.com/67b86eb1f718fa2c5be225e4/6957921632c590ea355b3e09_heim-gjovik-2.jpg,assets/customer-stories/6957921632c590ea355b3e09_heim-gjovik-2.jpg,exists
customer-stories,Kolpin,User Profile Photo,https://cdn.prod.website-files.com/67b86eb1f718fa2c5be225e4/694abab31d914ba13d4a4989_user-kolpin.png,assets/customer-stories/694abab31d914ba13d4a4989_user-kolpin.png,exists
customer-stories,Kolpin,Company Logo (Primary),https://cdn.prod.website-files.com/67b86eb1f718fa2c5be225e4/694abab31d914ba13d4a4989_user-kolpin.png,assets/customer-stories/694abab31d914ba13d4a4989_user-kolpin.png,dup
customer-stories,Kolpin,Company Logo (transparent),https://cdn.prod.website-files.com/67b86eb1f718fa2c5be225e4/694a4b06324aed9d67bcacba_user-kolpin-hotels.png,assets/customer-stories/694a4b06324aed9d67bcacba_user-kolpin-hotels.png,exists
customer-stories,Kolpin,Thumbnail for Customer Story,https://cdn.prod.website-files.com/67b86eb1f718fa2c5be225e4/694aba80c39723ae9d265f31_TATA_2025_DanielRasmussen-02382-K%C3%B8lpinHotels.jpg,assets/customer-stories/694aba80c39723ae9d265f31_TATA_2025_DanielRasmussen-02382-K_lpinHotels.jpg,exists
customer-stories,Kolpin,3-Image Grid,https://cdn.prod.website-files.com/67b86eb1f718fa2c5be225e4/6957448f88084dcbb967cfeb_Sanders_Juni_2025_DanielRasmussen-01604-K%C3%B8lpinHotels.jpg,assets/customer-stories/6957448f88084dcbb967cfeb_Sanders_Juni_2025_DanielRasmussen-01604-K_lpinHotels.jpg,exists
customer-stories,Kolpin,3-Image Grid,https://cdn.prod.website-files.com/67b86eb1f718fa2c5be225e4/6957448fef0ad42efc113757_Ostersvogn_2025_DanielRasmussen-02987-K%C3%B8lpinHotels.jpg,assets/customer-stories/6957448fef0ad42efc113757_Ostersvogn_2025_DanielRasmussen-02987-K_lpinHotels.jpg,exists
customer-stories,Kolpin,3-Image Grid,https://cdn.prod.website-files.com/67b86eb1f718fa2c5be225e4/6957448f878d3c31b37e9872_HB_2025_DanielRasmussen-02314-K%C3%B8lpinHotels.jpg,assets/customer-stories/6957448f878d3c31b37e9872_HB_2025_DanielRasmussen-02314-K_lpinHotels.jpg,exists
customer-stories,Kolpin,Single Image Feature,https://cdn.prod.website-files.com/67b86eb1f718fa2c5be225e4/695744a4ea23d705aed7133e_K%C3%B8lpinHotels_0490-scaled.jpg,assets/customer-stories/695744a4ea23d705aed7133e_K_lpinHotels_0490-scaled.jpg,exists
customer-stories,SkiGeilo,User Profile Photo,https://cdn.prod.website-files.com/67b86eb1f718fa2c5be225e4/694abc1267d1c53d9c2f2369_mickael-cunillera.png,assets/customer-stories/694abc1267d1c53d9c2f2369_mickael-cunillera.png,exists
customer-stories,SkiGeilo,Company Logo (transparent),https://cdn.prod.website-files.com/67b86eb1f718fa2c5be225e4/694a4a006ebd29ca1eb8179e_user-skigeilo.png,assets/customer-stories/694a4a006ebd29ca1eb8179e_user-skigeilo.png,exists
customer-stories,SkiGeilo,Thumbnail for Customer Story,https://cdn.prod.website-files.com/67b86eb1f718fa2c5be225e4/694abb9af86c4dcbeedb0adf_Kikuttoppen-Vinbar-SkiGeilo.jpeg,assets/customer-stories/694abb9af86c4dcbeedb0adf_Kikuttoppen-Vinbar-SkiGeilo.jpeg,exists
customer-stories,SkiGeilo,3-Image Grid,https://cdn.prod.website-files.com/67b86eb1f718fa2c5be225e4/69578f7eef0ad42efc1881b6_halstensgard_kaf_skigeilo.jpeg,assets/customer-stories/69578f7eef0ad42efc1881b6_halstensgard_kaf_skigeilo.jpeg,exists
customer-stories,SkiGeilo,3-Image Grid,https://cdn.prod.website-files.com/67b86eb1f718fa2c5be225e4/69578f7ea0ca534c8a969036_Vennegjeng_skigeilo.jpeg,assets/customer-stories/69578f7ea0ca534c8a969036_Vennegjeng_skigeilo.jpeg,exists
customer-stories,SkiGeilo,3-Image Grid,https://cdn.prod.website-files.com/67b86eb1f718fa2c5be225e4/69578f7e39a9f8b7c24a0b90_Kikuttoppen-Vinbar-SkiGeilo-cropped.jpeg,assets/customer-stories/69578f7e39a9f8b7c24a0b90_Kikuttoppen-Vinbar-SkiGeilo-cropped.jpeg,exists
customer-stories,SkiGeilo,Single Image Feature,https://cdn.prod.website-files.com/67b86eb1f718fa2c5be225e4/6957903e2f0bcbb61096b066_kikut_bistro_skigeilo2.jpeg,assets/customer-stories/6957903e2f0bcbb61096b066_kikut_bistro_skigeilo2.jpeg,exists
customer-stories,Torika Gruppen,User Profile Photo,https://cdn.prod.website-files.com/67b86eb1f718fa2c5be225e4/694f850e9a7c3a31833d97d1_inga-andruskaite.png,assets/customer-stories/694f850e9a7c3a31833d97d1_inga-andruskaite.png,exists
customer-stories,Torika Gruppen,Company Logo (transparent),https://cdn.prod.website-files.com/67b86eb1f718fa2c5be225e4/694f85347ab034c3d2520028_user-torikagruppen.png,assets/customer-stories/694f85347ab034c3d2520028_user-torikagruppen.png,exists
customer-stories,Torika Gruppen,Thumbnail for Customer Story,https://cdn.prod.website-files.com/67b86eb1f718fa2c5be225e4/694f854929e929857ae7ab3b_torika-gruppen-spotlight.jpeg,assets/customer-stories/694f854929e929857ae7ab3b_torika-gruppen-spotlight.jpeg,exists
customer-stories,Torika Gruppen,3-Image Grid,https://cdn.prod.website-files.com/67b86eb1f718fa2c5be225e4/6957455c5d05996572eaa091_torika-1-cropped.jpeg,assets/customer-stories/6957455c5d05996572eaa091_torika-1-cropped.jpeg,exists
customer-stories,Torika Gruppen,3-Image Grid,https://cdn.prod.website-files.com/67b86eb1f718fa2c5be225e4/6957455c8c3983a0abe512fe_torika-3-cropped.jpeg,assets/customer-stories/6957455c8c3983a0abe512fe_torika-3-cropped.jpeg,exists
customer-stories,Torika Gruppen,3-Image Grid,https://cdn.prod.website-files.com/67b86eb1f718fa2c5be225e4/6957455cefcb415033273b90_torika-4.webp,assets/customer-stories/6957455cefcb415033273b90_torika-4.webp,exists
customer-stories,Torika Gruppen,Single Image Feature,https://cdn.prod.website-files.com/67b86eb1f718fa2c5be225e4/6957457e7cb9123c2cf33cd0_torika-2.webp,assets/customer-stories/6957457e7cb9123c2cf33cd0_torika-2.webp,exists
customer-stories,byOSLO,User Profile Photo,https://cdn.prod.website-files.com/67b86eb1f718fa2c5be225e4/694adb48d2c5556747d31402_byOSLO_KIM%2BJAMA.jpeg,assets/customer-stories/694adb48d2c5556747d31402_byOSLO_KIM_JAMA.jpeg,exists
customer-stories,byOSLO,Company Logo (Primary),https://cdn.prod.website-files.com/67b86eb1f718fa2c5be225e4/695746016e7fa600f1f4451e_byoslo.png,assets/customer-stories/695746016e7fa600f1f4451e_byoslo.png,exists
customer-stories,byOSLO,Company Logo (transparent),https://cdn.prod.website-files.com/67b86eb1f718fa2c5be225e4/6957460ccaded0b472d9ad90_user-byoslo.png,assets/customer-stories/6957460ccaded0b472d9ad90_user-byoslo.png,exists
customer-stories,byOSLO,Thumbnail for Customer Story,https://cdn.prod.website-files.com/67b86eb1f718fa2c5be225e4/694abaf593e9117454ff5c43_byoslo_kim-and-jama.jpeg,assets/customer-stories/694abaf593e9117454ff5c43_byoslo_kim-and-jama.jpeg,exists
customer-stories,byOSLO,3-Image Grid,https://cdn.prod.website-files.com/67b86eb1f718fa2c5be225e4/6957466fddeba803b89bf3e2_byOSLO_BA3_2.webp,assets/customer-stories/6957466fddeba803b89bf3e2_byOSLO_BA3_2.webp,exists
customer-stories,byOSLO,3-Image Grid,https://cdn.prod.website-files.com/67b86eb1f718fa2c5be225e4/69574668b72d7a90eb2fa760_byOSLO_Libertine_1.webp,assets/customer-stories/69574668b72d7a90eb2fa760_byOSLO_Libertine_1.webp,exists
customer-stories,byOSLO,3-Image Grid,https://cdn.prod.website-files.com/67b86eb1f718fa2c5be225e4/6957466a64b5f215ca192296_byOSLO_Michaels_02.webp,assets/customer-stories/6957466a64b5f215ca192296_byOSLO_Michaels_02.webp,exists
customer-stories,byOSLO,Single Image Feature,https://cdn.prod.website-files.com/67b86eb1f718fa2c5be225e4/69574687d0cd06ea97a22f92_byOslo.webp,assets/customer-stories/69574687d0cd06ea97a22f92_byOslo.webp,exists
customer-stories,SkiGeilo,User Profile Photo,https://cdn.prod.website-files.com/67b86eb1f718fa2c5be225e4/6a01b117f991a81629a1fbd1_Skigeilo%20copy.jpg,assets/customer-stories/6a01b117f991a81629a1fbd1_Skigeilo_copy.jpg,exists
customer-stories,SkiGeilo,Company Logo (Primary),https://cdn.prod.website-files.com/67b86eb1f718fa2c5be225e4/694a4a006ebd29ca1eb8179e_user-skigeilo.png,assets/customer-stories/694a4a006ebd29ca1eb8179e_user-skigeilo.png,dup
customer-stories,SkiGeilo,Company Logo (transparent),https://cdn.prod.website-files.com/67b86eb1f718fa2c5be225e4/694a4a006ebd29ca1eb8179e_user-skigeilo.png,assets/customer-stories/694a4a006ebd29ca1eb8179e_user-skigeilo.png,dup
customer-stories,SkiGeilo,Thumbnail for Customer Story,https://cdn.prod.website-files.com/67b86eb1f718fa2c5be225e4/6a01b154e86488c9e735bcef_Vennegjeng_GH_08564_Foto_Paul_Lockhart.jpg,assets/customer-stories/6a01b154e86488c9e735bcef_Vennegjeng_GH_08564_Foto_Paul_Lockhart.jpg,FAIL:HTTP Error 403: Forbidden
customer-stories,SkiGeilo,3-Image Grid,https://cdn.prod.website-files.com/67b86eb1f718fa2c5be225e4/6a01d2b6a03d7fcd5a45ac8c_Kikuttoppen-Vinbar-SkiGeilo-cropped.webp,assets/customer-stories/6a01d2b6a03d7fcd5a45ac8c_Kikuttoppen-Vinbar-SkiGeilo-cropped.webp,exists
customer-stories,SkiGeilo,3-Image Grid,https://cdn.prod.website-files.com/67b86eb1f718fa2c5be225e4/6a01d2b5ce3c1e9fb2b8ffa3_halstensgard_kaf_skigeilo.webp,assets/customer-stories/6a01d2b5ce3c1e9fb2b8ffa3_halstensgard_kaf_skigeilo.webp,exists
customer-stories,SkiGeilo,3-Image Grid,https://cdn.prod.website-files.com/67b86eb1f718fa2c5be225e4/6a01d2b535f743b3ac0ae370_Vennegjeng_skigeilo.webp,assets/customer-stories/6a01d2b535f743b3ac0ae370_Vennegjeng_skigeilo.webp,exists
customer-stories,SkiGeilo,Single Image Feature,https://cdn.prod.website-files.com/67b86eb1f718fa2c5be225e4/6a01d434ce3c1e9fb2b95b9a_Kikut_Bistro_GH_09235_1920_Foto_Paul_Lockhart.jpg,assets/customer-stories/6a01d434ce3c1e9fb2b95b9a_Kikut_Bistro_GH_09235_1920_Foto_Paul_Lockhart.jpg,FAIL:HTTP Error 403: Forbidden
customer-stories,Koie Ramen,User Profile Photo,https://cdn.prod.website-files.com/67b86eb1f718fa2c5be225e4/69edd3eea8047f8b5ddc21f8_koie-ramen-sq.png,assets/customer-stories/69edd3eea8047f8b5ddc21f8_koie-ramen-sq.png,exists
customer-stories,Koie Ramen,Company Logo (Primary),https://cdn.prod.website-files.com/67b86eb1f718fa2c5be225e4/69edd3f31620b85f62b8e194_koie-ramen-ls.png,assets/customer-stories/69edd3f31620b85f62b8e194_koie-ramen-ls.png,exists
customer-stories,Koie Ramen,Company Logo (transparent),https://cdn.prod.website-files.com/67b86eb1f718fa2c5be225e4/69eee86339ee429ea5910fe0_koie-ramen-ls2.png,assets/customer-stories/69eee86339ee429ea5910fe0_koie-ramen-ls2.png,exists
customer-stories,Koie Ramen,Thumbnail for Customer Story,https://cdn.prod.website-files.com/67b86eb1f718fa2c5be225e4/69edd4498989b549c07cf98d_koie-ramen-thumbnail1.png,assets/customer-stories/69edd4498989b549c07cf98d_koie-ramen-thumbnail1.png,exists
customer-stories,Koie Ramen,3-Image Grid,https://cdn.prod.website-files.com/67b86eb1f718fa2c5be225e4/69edd5e5cc601b24301706bc_Koie_0919_0457.jpg,assets/customer-stories/69edd5e5cc601b24301706bc_Koie_0919_0457.jpg,exists
customer-stories,Koie Ramen,3-Image Grid,https://cdn.prod.website-files.com/67b86eb1f718fa2c5be225e4/69edd5ee93a9558e96f0cba8_614858580_18526467088071735_6570306014468921293_n.jpg,assets/customer-stories/69edd5ee93a9558e96f0cba8_614858580_18526467088071735_6570306014468921293_n.jpg,exists
customer-stories,Koie Ramen,3-Image Grid,https://cdn.prod.website-files.com/67b86eb1f718fa2c5be225e4/69edd5e6dc0e51fde5814337_Koie_0919_0381.jpg,assets/customer-stories/69edd5e6dc0e51fde5814337_Koie_0919_0381.jpg,exists
customer-stories,Koie Ramen,Single Image Feature,https://cdn.prod.website-files.com/67b86eb1f718fa2c5be225e4/69eee1ed4674c823a997b763_Koie_0919_0296.jpg,assets/customer-stories/69eee1ed4674c823a997b763_Koie_0919_0296.jpg,exists
customer-stories,Schnitzelei Group,User Profile Photo,https://cdn.prod.website-files.com/67b86eb1f718fa2c5be225e4/69ccb9bf377b78a3c6cc5dda_stefan.schneck1.png,assets/customer-stories/69ccb9bf377b78a3c6cc5dda_stefan.schneck1.png,exists
customer-stories,Schnitzelei Group,Company Logo (Primary),https://cdn.prod.website-files.com/67b86eb1f718fa2c5be225e4/69ccbb836c3236e8003afdd6_logo.schnitzelei.bg.png,assets/customer-stories/69ccbb836c3236e8003afdd6_logo.schnitzelei.bg.png,exists
customer-stories,Schnitzelei Group,Company Logo (transparent),https://cdn.prod.website-files.com/67b86eb1f718fa2c5be225e4/69ccbb3d01e67ece530063ff_logo.schnitzelei.png,assets/customer-stories/69ccbb3d01e67ece530063ff_logo.schnitzelei.png,exists
customer-stories,Schnitzelei Group,Thumbnail for Customer Story,https://cdn.prod.website-files.com/67b86eb1f718fa2c5be225e4/69ccbbe18611e835d4685975_schnitzelei.mitte.jpg,assets/customer-stories/69ccbbe18611e835d4685975_schnitzelei.mitte.jpg,exists
customer-stories,Schnitzelei Group,3-Image Grid,https://cdn.prod.website-files.com/67b86eb1f718fa2c5be225e4/69ccbd2a67e0e80c1cb1b902_schnitzelei.2.jpg,assets/customer-stories/69ccbd2a67e0e80c1cb1b902_schnitzelei.2.jpg,exists
customer-stories,Schnitzelei Group,3-Image Grid,https://cdn.prod.website-files.com/67b86eb1f718fa2c5be225e4/69ccbd2a2a92b0614edecc5b_schnitzelei.outdoor.jpg,assets/customer-stories/69ccbd2a2a92b0614edecc5b_schnitzelei.outdoor.jpg,exists
customer-stories,Schnitzelei Group,3-Image Grid,https://cdn.prod.website-files.com/67b86eb1f718fa2c5be225e4/69ccbd2a49eb1851c9aa5f03_schnitzelei.3.jpg,assets/customer-stories/69ccbd2a49eb1851c9aa5f03_schnitzelei.3.jpg,exists
customer-stories,Schnitzelei Group,Single Image Feature,https://cdn.prod.website-files.com/67b86eb1f718fa2c5be225e4/69ccbbe18611e835d4685975_schnitzelei.mitte.jpg,assets/customer-stories/69ccbbe18611e835d4685975_schnitzelei.mitte.jpg,dup
integrations,24SevenOffice,Image,https://cdn.prod.website-files.com/67b86eb1f718fa2c5be225e4/67cc35cdfb950b79d8701b0d_67bdf8adb01d5c6e997ed2ae_Copy%20of%2023.png,assets/integrations/67cc35cdfb950b79d8701b0d_67bdf8adb01d5c6e997ed2ae_Copy_of_23.png,ok
integrations,Ancon,Image,https://cdn.prod.website-files.com/67b86eb1f718fa2c5be225e4/682d865de6d8a0d2685e30fe_integration-ancon.png,assets/integrations/682d865de6d8a0d2685e30fe_integration-ancon.png,ok
integrations,Asko,Image,https://cdn.prod.website-files.com/67b86eb1f718fa2c5be225e4/682d89a3b7222c15a15a70f8_integration-asko.png,assets/integrations/682d89a3b7222c15a15a70f8_integration-asko.png,ok
integrations,Azets,Image,https://cdn.prod.website-files.com/67b86eb1f718fa2c5be225e4/67cc35d2c0a3c8fece091936_67bdf8ad70160d75614e0141_Copy%20of%2024.png,assets/integrations/67cc35d2c0a3c8fece091936_67bdf8ad70160d75614e0141_Copy_of_24.png,ok
integrations,Baemingo,Image,https://cdn.prod.website-files.com/67b86eb1f718fa2c5be225e4/6817146e9d6a90168b0a4068_integration-baemingo.png,assets/integrations/6817146e9d6a90168b0a4068_integration-baemingo.png,ok
integrations,Bazaro,Image,https://cdn.prod.website-files.com/67b86eb1f718fa2c5be225e4/67cc35dd43ed5b391f83e65c_67bdf8ae7d890f6fdcbcb8ad_Copy%20of%2026.png,assets/integrations/67cc35dd43ed5b391f83e65c_67bdf8ae7d890f6fdcbcb8ad_Copy_of_26.png,ok
integrations,BluePOS,Image,https://cdn.prod.website-files.com/67b86eb1f718fa2c5be225e4/682d89fe58aed33f0383ebce_integration-bluePOS.png,assets/integrations/682d89fe58aed33f0383ebce_integration-bluePOS.png,ok
integrations,Briljant,Image,https://cdn.prod.website-files.com/67b86eb1f718fa2c5be225e4/682d860e9d204eba016c577a_integration-briljant.png,assets/integrations/682d860e9d204eba016c577a_integration-briljant.png,ok
integrations,Caspeco,Image,https://cdn.prod.website-files.com/67b86eb1f718fa2c5be225e4/67cc3655937dc69a6b493d60_67bdf89e936d55b263ae3a4d_Copy%20of%203.png,assets/integrations/67cc3655937dc69a6b493d60_67bdf89e936d55b263ae3a4d_Copy_of_3.png,ok
integrations,Catacloud,Image,https://cdn.prod.website-files.com/67b86eb1f718fa2c5be225e4/682d89d1bb218826366b286b_integration-catacloud.png,assets/integrations/682d89d1bb218826366b286b_integration-catacloud.png,ok
integrations,Corpay,Image,https://cdn.prod.website-files.com/67b86eb1f718fa2c5be225e4/67cc35d7569e0531abbd7955_67bdf8ae8b2c2be172ebe59b_Copy%20of%2025.png,assets/integrations/67cc35d7569e0531abbd7955_67bdf8ae8b2c2be172ebe59b_Copy_of_25.png,ok
integrations,Datev,Image,https://cdn.prod.website-files.com/67b86eb1f718fa2c5be225e4/6899d9e3f407cc5ff6595bc3_integration-datev.png,assets/integrations/6899d9e3f407cc5ff6595bc3_integration-datev.png,ok
integrations,Dext,Image,https://cdn.prod.website-files.com/67b86eb1f718fa2c5be225e4/68d641fd3bea5b42f1cb13b6_integration-dext.png,assets/integrations/68d641fd3bea5b42f1cb13b6_integration-dext.png,ok
integrations,Duell,Image,https://cdn.prod.website-files.com/67b86eb1f718fa2c5be225e4/67cc355208ea1ae1f60a2e9a_67bdf89f87b2aa59ad5b2d9f_Copy%20of%205.png,assets/integrations/67cc355208ea1ae1f60a2e9a_67bdf89f87b2aa59ad5b2d9f_Copy_of_5.png,ok
integrations,E-conomic,Image,https://cdn.prod.website-files.com/67b86eb1f718fa2c5be225e4/67cc35e3374531a16bcda083_67bdf8af27c42e257c9027ac_Copy%20of%2027.png,assets/integrations/67cc35e3374531a16bcda083_67bdf8af27c42e257c9027ac_Copy_of_27.png,ok
integrations,Espos,Image,https://cdn.prod.website-files.com/67b86eb1f718fa2c5be225e4/681714a7936df62525bf36c1_integration-espos.png,assets/integrations/681714a7936df62525bf36c1_integration-espos.png,ok
integrations,Event Temple,Image,https://cdn.prod.website-files.com/67b86eb1f718fa2c5be225e4/6899d21fac84e67331745b42_integration-eventtemple.png,assets/integrations/6899d21fac84e67331745b42_integration-eventtemple.png,ok
integrations,Favrit,Image,https://cdn.prod.website-files.com/67b86eb1f718fa2c5be225e4/67cc361818859453bb1633f3_67cc3305ffa38fef87503949_67bdf89e9aa154ed2b2b629f_Copy%20of%204.png,assets/integrations/67cc361818859453bb1633f3_67cc3305ffa38fef87503949_67bdf89e9aa154ed2b2b629f_Copy_of_4.png,ok
integrations,Fiken,Image,https://cdn.prod.website-files.com/67b86eb1f718fa2c5be225e4/67cc3532da25b65ab63d14b7_67bdf8af030b4e6958c8533d_Copy%20of%2028.png,assets/integrations/67cc3532da25b65ab63d14b7_67bdf8af030b4e6958c8533d_Copy_of_28.png,ok
integrations,Finago,Image,https://cdn.prod.website-files.com/67b86eb1f718fa2c5be225e4/6957dba9e8efb53e2ca53433_integration-finago.png,assets/integrations/6957dba9e8efb53e2ca53433_integration-finago.png,ok
integrations,Foodora,Image,https://cdn.prod.website-files.com/67b86eb1f718fa2c5be225e4/67cc354d3748d7a574ea17ef_67bdf89f55c524a1a13f571d_Copy%20of%206.png,assets/integrations/67cc354d3748d7a574ea17ef_67bdf89f55c524a1a13f571d_Copy_of_6.png,ok
integrations,Fortnox,Image,https://cdn.prod.website-files.com/67b86eb1f718fa2c5be225e4/67cc35ee32f78191cfe8cf04_67bdf8b1cbe54ccd34f0e8f5_Copy%20of%2029.png,assets/integrations/67cc35ee32f78191cfe8cf04_67bdf8b1cbe54ccd34f0e8f5_Copy_of_29.png,ok
integrations,Frontline,Image,https://cdn.prod.website-files.com/67b86eb1f718fa2c5be225e4/682d8707f4c40d48bddf1be4_integration-frontline.png,assets/integrations/682d8707f4c40d48bddf1be4_integration-frontline.png,ok
integrations,Gastrobit,Image,https://cdn.prod.website-files.com/67b86eb1f718fa2c5be225e4/67cc3560c256682d35660f5b_67bdf8a1a3cc4b41bb32ca4e_Copy%20of%207.png,assets/integrations/67cc3560c256682d35660f5b_67bdf8a1a3cc4b41bb32ca4e_Copy_of_7.png,ok
integrations,Gastronovi,Image,https://cdn.prod.website-files.com/67b86eb1f718fa2c5be225e4/692037fc516334176167b94c_integration-gastronovi.png,assets/integrations/692037fc516334176167b94c_integration-gastronovi.png,ok
integrations,Gastroplanner,Image,https://cdn.prod.website-files.com/67b86eb1f718fa2c5be225e4/67cc353d922205e2fb78d5df_67cc32fe374531a16bcb9fea_67bdf89e8ba39e29d2b3796d_Copy%20of%201.png,assets/integrations/67cc353d922205e2fb78d5df_67cc32fe374531a16bcb9fea_67bdf89e8ba39e29d2b3796d_Copy_of_1.png,ok
integrations,Gmail,Image,https://cdn.prod.website-files.com/67b86eb1f718fa2c5be225e4/69203aa7a0bdfa8e1132140a_integration-gmail.png,assets/integrations/69203aa7a0bdfa8e1132140a_integration-gmail.png,ok
integrations,Google Drive,Image,https://cdn.prod.website-files.com/67b86eb1f718fa2c5be225e4/6817167238f6bb5a3096f8fb_integration-google-drive.png,assets/integrations/6817167238f6bb5a3096f8fb_integration-google-drive.png,ok
integrations,Hypersoft,Image,https://cdn.prod.website-files.com/67b86eb1f718fa2c5be225e4/6899d2389e42263092689a89_integration-hypersoft.png,assets/integrations/6899d2389e42263092689a89_integration-hypersoft.png,ok
integrations,KDR,Image,https://cdn.prod.website-files.com/67b86eb1f718fa2c5be225e4/67cc355843ed5b391f839d60_67bdf8a13144dc59d646b621_Copy%20of%208.png,assets/integrations/67cc355843ed5b391f839d60_67bdf8a13144dc59d646b621_Copy_of_8.png,ok
integrations,Lightspeed,Image,https://cdn.prod.website-files.com/67b86eb1f718fa2c5be225e4/67cc362ad24498a778c6a74c_67bdf89e0e98bd6714f7e3dd_Copy%20of%202.png,assets/integrations/67cc362ad24498a778c6a74c_67bdf89e0e98bd6714f7e3dd_Copy_of_2.png,ok
integrations,Loomis-Pay,Image,https://cdn.prod.website-files.com/67b86eb1f718fa2c5be225e4/67cc35676069c30ddc6a468a_67bdf8a398a52564cb52371f_Copy%20of%209.png,assets/integrations/67cc35676069c30ddc6a468a_67bdf8a398a52564cb52371f_Copy_of_9.png,ok
integrations,Mews,Image,https://cdn.prod.website-files.com/67b86eb1f718fa2c5be225e4/6899d1e16ab23add0b24c05f_integration-mews.png,assets/integrations/6899d1e16ab23add0b24c05f_integration-mews.png,ok
integrations,Millum,Image,https://cdn.prod.website-files.com/67b86eb1f718fa2c5be225e4/67cc35e98dcac0c6206e5811_67bdf8b1936d55b263ae495a_Copy%20of%2030.png,assets/integrations/67cc35e98dcac0c6206e5811_67bdf8b1936d55b263ae495a_Copy_of_30.png,ok
integrations,Munu,Image,https://cdn.prod.website-files.com/67b86eb1f718fa2c5be225e4/67cc3575c256682d356619ce_67bdf8a3fda42132660a48e1_Copy%20of%2010.png,assets/integrations/67cc3575c256682d356619ce_67bdf8a3fda42132660a48e1_Copy_of_10.png,ok
integrations,MyStore,Image,https://cdn.prod.website-files.com/67b86eb1f718fa2c5be225e4/682d8a3b6aabb8c08eb5e2e1_integration-mystore.png,assets/integrations/682d8a3b6aabb8c08eb5e2e1_integration-mystore.png,ok
integrations,Nanopos,Image,https://cdn.prod.website-files.com/67b86eb1f718fa2c5be225e4/67cc35859edb746837975544_67bdf8a4e112c1d10f811eec_Copy%20of%2011.png,assets/integrations/67cc35859edb746837975544_67bdf8a4e112c1d10f811eec_Copy_of_11.png,ok
integrations,Ninito,Image,https://cdn.prod.website-files.com/67b86eb1f718fa2c5be225e4/681714de9d6a90168b0a719b_integration-ninito.png,assets/integrations/681714de9d6a90168b0a719b_integration-ninito.png,ok
integrations,OnlinePOS,Image,https://cdn.prod.website-files.com/67b86eb1f718fa2c5be225e4/67cc357016d55d6381b34f11_67bdf8a49048cde7729d0dd8_Copy%20of%2012.png,assets/integrations/67cc357016d55d6381b34f11_67bdf8a49048cde7729d0dd8_Copy_of_12.png,ok
integrations,Open,Image,https://cdn.prod.website-files.com/67b86eb1f718fa2c5be225e4/67cc357b6069c30ddc6a5304_67bdf8a587b2aa59ad5b3177_Copy%20of%2013.png,assets/integrations/67cc357b6069c30ddc6a5304_67bdf8a587b2aa59ad5b3177_Copy_of_13.png,ok
integrations,OrderX,Image,https://cdn.prod.website-files.com/67b86eb1f718fa2c5be225e4/67cc358dfb950b79d86face7_67bdf8a5df8b621ea1b00a43_Copy%20of%2014.png,assets/integrations/67cc358dfb950b79d86face7_67bdf8a5df8b621ea1b00a43_Copy_of_14.png,ok
integrations,PCK,Image,https://cdn.prod.website-files.com/67b86eb1f718fa2c5be225e4/67cc3594e98f3b3609b441b7_67bdf8a7936d55b263ae3feb_Copy%20of%2015.png,assets/integrations/67cc3594e98f3b3609b441b7_67bdf8a7936d55b263ae3feb_Copy_of_15.png,ok
integrations,Pinchos,Image,https://cdn.prod.website-files.com/67b86eb1f718fa2c5be225e4/682d8a27ed447085e7df77ca_integration-pinchos.png,assets/integrations/682d8a27ed447085e7df77ca_integration-pinchos.png,ok
integrations,Plorea,Image,https://cdn.prod.website-files.com/67b86eb1f718fa2c5be225e4/681713d5513c941de3dfaccc_integration-plorea.png,assets/integrations/681713d5513c941de3dfaccc_integration-plorea.png,ok
integrations,PowerOffice,Image,https://cdn.prod.website-files.com/67b86eb1f718fa2c5be225e4/67cc35fd374531a16bcdaf22_67bdf8b3000885528c06bad2_Copy%20of%2032.png,assets/integrations/67cc35fd374531a16bcdaf22_67bdf8b3000885528c06bad2_Copy_of_32.png,ok
integrations,Procountor,Image,https://cdn.prod.website-files.com/67b86eb1f718fa2c5be225e4/682d85e8fe7dc02529f65ab7_integration-procountor.png,assets/integrations/682d85e8fe7dc02529f65ab7_integration-procountor.png,ok
integrations,Quickbooks,Image,https://cdn.prod.website-files.com/67b86eb1f718fa2c5be225e4/682d85c3f84253d07ca9930d_integration-quickbooks.png,assets/integrations/682d85c3f84253d07ca9930d_integration-quickbooks.png,ok
integrations,Quickorder,Image,https://cdn.prod.website-files.com/67b86eb1f718fa2c5be225e4/67cc35ab937dc69a6b48d0c6_67bdf8a72d7f16b0d49fc98f_Copy%20of%2016.png,assets/integrations/67cc35ab937dc69a6b48d0c6_67bdf8a72d7f16b0d49fc98f_Copy_of_16.png,ok
integrations,RMS,Image,https://cdn.prod.website-files.com/67b86eb1f718fa2c5be225e4/681715e506e3ce7310497292_integration-rms-cloud.png,assets/integrations/681715e506e3ce7310497292_integration-rms-cloud.png,ok
integrations,RemarisMaster,Image,https://cdn.prod.website-files.com/67b86eb1f718fa2c5be225e4/67cc359889836af946114750_67bdf8a924c95209c3db4469_Copy%20of%2017.png,assets/integrations/67cc359889836af946114750_67bdf8a924c95209c3db4469_Copy_of_17.png,ok
integrations,Restolution,Image,https://cdn.prod.website-files.com/67b86eb1f718fa2c5be225e4/67cc35b930e70ffebe1d09cb_67bdf8aa296f671bc98e4410_Copy%20of%2018.png,assets/integrations/67cc35b930e70ffebe1d09cb_67bdf8aa296f671bc98e4410_Copy_of_18.png,ok
integrations,Ringnes,Image,https://cdn.prod.website-files.com/67b86eb1f718fa2c5be225e4/682d86885701575bcc79261e_integration-ringnes.png,assets/integrations/682d86885701575bcc79261e_integration-ringnes.png,ok
integrations,Shopbox,Image,https://cdn.prod.website-files.com/67b86eb1f718fa2c5be225e4/6817138862267e226f06d818_integration-shopbox.png,assets/integrations/6817138862267e226f06d818_integration-shopbox.png,ok
integrations,Simphony by Oracle,Image,https://cdn.prod.website-files.com/67b86eb1f718fa2c5be225e4/682d84a28c6ded2d8f3af998_integration-simphony.png,assets/integrations/682d84a28c6ded2d8f3af998_integration-simphony.png,ok
integrations,Sparebank 1,Image,https://cdn.prod.website-files.com/67b86eb1f718fa2c5be225e4/6906ebe4b82ece2f5b629401_integration-sparebank1.png,assets/integrations/6906ebe4b82ece2f5b629401_integration-sparebank1.png,ok
integrations,Square,Image,https://cdn.prod.website-files.com/67b86eb1f718fa2c5be225e4/68d642351dd729f3e813aec6_integration-squarepos.png,assets/integrations/68d642351dd729f3e813aec6_integration-squarepos.png,ok
integrations,Superb,Image,https://cdn.prod.website-files.com/67b86eb1f718fa2c5be225e4/67cc35a19323864085ff0453_67bdf8a9df8b621ea1b00e77_Copy%20of%2019.png,assets/integrations/67cc35a19323864085ff0453_67bdf8a9df8b621ea1b00e77_Copy_of_19.png,ok
integrations,Tripletex,Image,https://cdn.prod.website-files.com/67b86eb1f718fa2c5be225e4/682d84f4a3c1fe4e800667ed_integration-tripletex.png,assets/integrations/682d84f4a3c1fe4e800667ed_integration-tripletex.png,ok
integrations,Trivec,Image,https://cdn.prod.website-files.com/67b86eb1f718fa2c5be225e4/67cc35b1d24498a778c645d7_67bdf8a998a52564cb524661_Copy%20of%2020.png,assets/integrations/67cc35b1d24498a778c645d7_67bdf8a998a52564cb524661_Copy_of_20.png,ok
integrations,Uni 24,Image,https://cdn.prod.website-files.com/67b86eb1f718fa2c5be225e4/67cc360a3748d7a574eaa4a7_67bdf8c42657b03029825046_Copy%20of%2033.png,assets/integrations/67cc360a3748d7a574eaa4a7_67bdf8c42657b03029825046_Copy_of_33.png,ok
integrations,Uniconta,Image,https://cdn.prod.website-files.com/67b86eb1f718fa2c5be225e4/682d8556e4366663362e9de0_integration-uniconta.png,assets/integrations/682d8556e4366663362e9de0_integration-uniconta.png,ok
integrations,Unimicro,Image,https://cdn.prod.website-files.com/67b86eb1f718fa2c5be225e4/67cc36048ae8762187fbed2e_67bdf8b6ed483d98bb9dced9_Copy%20of%2034.png,assets/integrations/67cc36048ae8762187fbed2e_67bdf8b6ed483d98bb9dced9_Copy_of_34.png,ok
integrations,Vandelanotte,Image,https://cdn.prod.website-files.com/67b86eb1f718fa2c5be225e4/6906ebb924e5d6c80e6ed19f_integration-vandelanotte.png,assets/integrations/6906ebb924e5d6c80e6ed19f_integration-vandelanotte.png,ok
integrations,Visbook,Image,https://cdn.prod.website-files.com/67b86eb1f718fa2c5be225e4/67cc35bf8dcac0c6206e3389_67bdf8abd1f805a3111a3f04_Copy%20of%2021.png,assets/integrations/67cc35bf8dcac0c6206e3389_67bdf8abd1f805a3111a3f04_Copy_of_21.png,ok
integrations,Visma,Image,https://cdn.prod.website-files.com/67b86eb1f718fa2c5be225e4/67cc3610c256682d356690f2_67bdf8b5a3cc4b41bb32eaf0_Copy%20of%2035.png,assets/integrations/67cc3610c256682d356690f2_67bdf8b5a3cc4b41bb32eaf0_Copy_of_35.png,ok
integrations,Wolt,Image,https://cdn.prod.website-files.com/67b86eb1f718fa2c5be225e4/67cc35c8f56457ecf3e6221d_67bdf8ab5021af04bb978609_Copy%20of%2022.png,assets/integrations/67cc35c8f56457ecf3e6221d_67bdf8ab5021af04bb978609_Copy_of_22.png,ok
integrations,Xero,Image,https://cdn.prod.website-files.com/67b86eb1f718fa2c5be225e4/682d857e6e35f228cb5a09a5_integration-xero.png,assets/integrations/682d857e6e35f228cb5a09a5_integration-xero.png,ok
integrations,Xledger,Image,https://cdn.prod.website-files.com/67b86eb1f718fa2c5be225e4/67cc362230e70ffebe1d5267_67bdf8b5a3b106c5a3793836_Copy%20of%2036.png,assets/integrations/67cc362230e70ffebe1d5267_67bdf8b5a3b106c5a3793836_Copy_of_36.png,ok
integrations,iZettle,Image,https://cdn.prod.website-files.com/67b86eb1f718fa2c5be225e4/681713b7e56236e59cd65687_integration-zettle.png,assets/integrations/681713b7e56236e59cd65687_integration-zettle.png,ok
testimonials,Barcode Street Food,User Profile Photo,https://cdn.prod.website-files.com/67b86eb1f718fa2c5be225e4/695282e9b14601676a6ad8de_lukasz-pasek-barcode.jpg,assets/testimonials/695282e9b14601676a6ad8de_lukasz-pasek-barcode.jpg,exists
testimonials,Brasilia,User Profile Photo,https://cdn.prod.website-files.com/67b86eb1f718fa2c5be225e4/6952839535e4184a62036c17_Brasilia.png,assets/testimonials/6952839535e4184a62036c17_Brasilia.png,exists
testimonials,Byliv AS,User Profile Photo,https://cdn.prod.website-files.com/67b86eb1f718fa2c5be225e4/694a47d51506bb420ba0d2cd_J%C3%B8rgen-Stra%CC%8Atveit.jpeg,assets/testimonials/694a47d51506bb420ba0d2cd_J_rgen-Stra_tveit.jpeg,exists
testimonials,Byliv AS,Company Logo (Primary),https://cdn.prod.website-files.com/67b86eb1f718fa2c5be225e4/694a47e56ca933ccced029fb_byliv.png,assets/testimonials/694a47e56ca933ccced029fb_byliv.png,exists
testimonials,Concept Restaurants,User Profile Photo,https://cdn.prod.website-files.com/67b86eb1f718fa2c5be225e4/695284264842f7fea6f19ff6_Erik-Concept-Restaurants.png,assets/testimonials/695284264842f7fea6f19ff6_Erik-Concept-Restaurants.png,exists
testimonials,Concept Restaurants,Company Logo (transparent),https://cdn.prod.website-files.com/67b86eb1f718fa2c5be225e4/69528455309bc9ba563a7502_concept%20restaurants%20logo.png,assets/testimonials/69528455309bc9ba563a7502_concept_restaurants_logo.png,exists
testimonials,Den Glade Gris,User Profile Photo,https://cdn.prod.website-files.com/67b86eb1f718fa2c5be225e4/69528411ed740cbb9f9a1f18_carmen.jpeg,assets/testimonials/69528411ed740cbb9f9a1f18_carmen.jpeg,exists
testimonials,Døgnvill Burger,User Profile Photo,https://cdn.prod.website-files.com/67b86eb1f718fa2c5be225e4/695283c88acf1a6cd691951c_Tarje-Haakstad-D%C3%B8gnvill.jpeg,assets/testimonials/695283c88acf1a6cd691951c_Tarje-Haakstad-D_gnvill.jpeg,exists
testimonials,Døgnvill Burger,Company Logo (Primary),https://cdn.prod.website-files.com/67b86eb1f718fa2c5be225e4/695283d5b44a98754973b280_d%C3%B8gnvill-burger.png,assets/testimonials/695283d5b44a98754973b280_d_gnvill-burger.png,exists
testimonials,Døgnvill Burger,Company Logo (transparent),https://cdn.prod.website-files.com/67b86eb1f718fa2c5be225e4/695283ea6efa4d906ab85aa5_user-dognvillburger.png,assets/testimonials/695283ea6efa4d906ab85aa5_user-dognvillburger.png,exists
testimonials,Døgnvill Burger,Thumbnail for Customer Story,https://cdn.prod.website-files.com/67b86eb1f718fa2c5be225e4/695283feac458e48b9687d43_dognville-burger-spotlight.jpeg,assets/testimonials/695283feac458e48b9687d43_dognville-burger-spotlight.jpeg,exists
testimonials,Eik&Friends,User Profile Photo,https://cdn.prod.website-files.com/67b86eb1f718fa2c5be225e4/694ad70c9a31dfc03e0adc4c_tom-victor.png,assets/testimonials/694ad70c9a31dfc03e0adc4c_tom-victor.png,exists
testimonials,Eik&Friends,Company Logo (Primary),https://cdn.prod.website-files.com/67b86eb1f718fa2c5be225e4/694abc5eb8c6529a08242b48_eik-and-friends.png,assets/testimonials/694abc5eb8c6529a08242b48_eik-and-friends.png,dup
testimonials,Eik&Friends,Company Logo (transparent),https://cdn.prod.website-files.com/67b86eb1f718fa2c5be225e4/694abc418db2afd41526d724_eik-logo.png,assets/testimonials/694abc418db2afd41526d724_eik-logo.png,exists
testimonials,Eik&Friends,Thumbnail for Customer Story,https://cdn.prod.website-files.com/67b86eb1f718fa2c5be225e4/694abc77f785dab55f812f5b_Stallen-Selskapslokale-Eik%26Friends-3.webp,assets/testimonials/694abc77f785dab55f812f5b_Stallen-Selskapslokale-Eik_Friends-3.webp,exists
testimonials,Eik&Friends,User Profile Photo,https://cdn.prod.website-files.com/67b86eb1f718fa2c5be225e4/695282c2a299a1f846843e4b_Eik%26Friends-anders-braathen.png,assets/testimonials/695282c2a299a1f846843e4b_Eik_Friends-anders-braathen.png,exists
testimonials,Eik&Friends,Company Logo (Primary),https://cdn.prod.website-files.com/67b86eb1f718fa2c5be225e4/694abc5eb8c6529a08242b48_eik-and-friends.png,assets/testimonials/694abc5eb8c6529a08242b48_eik-and-friends.png,dup
testimonials,Eik&Friends,Company Logo (transparent),https://cdn.prod.website-files.com/67b86eb1f718fa2c5be225e4/695281f9f5351c4fa6c3bdfe_user-eikandfriends.png,assets/testimonials/695281f9f5351c4fa6c3bdfe_user-eikandfriends.png,dup
testimonials,Villa Paradiso,User Profile Photo,https://cdn.prod.website-files.com/67b86eb1f718fa2c5be225e4/6952837d793fda23ba2f37d7_ioannis-stratakis-villa-paradiso.png,assets/testimonials/6952837d793fda23ba2f37d7_ioannis-stratakis-villa-paradiso.png,exists
testimonials,Heim,User Profile Photo,https://cdn.prod.website-files.com/67b86eb1f718fa2c5be225e4/694a482de4202fb9f05d669b_anja-skj%C3%A6vestad.jpg,assets/testimonials/694a482de4202fb9f05d669b_anja-skj_vestad.jpg,dup
testimonials,Heim,Company Logo (Primary),https://cdn.prod.website-files.com/67b86eb1f718fa2c5be225e4/694a483f6bd1da71d0f3b265_heim-1080x1080.png,assets/testimonials/694a483f6bd1da71d0f3b265_heim-1080x1080.png,dup
testimonials,Heim,Company Logo (transparent),https://cdn.prod.website-files.com/67b86eb1f718fa2c5be225e4/694a485952d8273df563168e_heim-logo.png,assets/testimonials/694a485952d8273df563168e_heim-logo.png,exists
testimonials,Heim,Thumbnail for Customer Story,https://cdn.prod.website-files.com/67b86eb1f718fa2c5be225e4/694abb4592784a24af0d86c5_heim-Lillehammer.jpg,assets/testimonials/694abb4592784a24af0d86c5_heim-Lillehammer.jpg,dup
testimonials,Kolpin,User Profile Photo,https://cdn.prod.website-files.com/67b86eb1f718fa2c5be225e4/694abab31d914ba13d4a4989_user-kolpin.png,assets/testimonials/694abab31d914ba13d4a4989_user-kolpin.png,dup
testimonials,Kolpin,Company Logo (Primary),https://cdn.prod.website-files.com/67b86eb1f718fa2c5be225e4/694abab31d914ba13d4a4989_user-kolpin.png,assets/testimonials/694abab31d914ba13d4a4989_user-kolpin.png,dup
testimonials,Kolpin,Company Logo (transparent),https://cdn.prod.website-files.com/67b86eb1f718fa2c5be225e4/694a4b06324aed9d67bcacba_user-kolpin-hotels.png,assets/testimonials/694a4b06324aed9d67bcacba_user-kolpin-hotels.png,dup
testimonials,Kolpin,Thumbnail for Customer Story,https://cdn.prod.website-files.com/67b86eb1f718fa2c5be225e4/694aba80c39723ae9d265f31_TATA_2025_DanielRasmussen-02382-K%C3%B8lpinHotels.jpg,assets/testimonials/694aba80c39723ae9d265f31_TATA_2025_DanielRasmussen-02382-K_lpinHotels.jpg,dup
testimonials,PN Porsgrunn,User Profile Photo,https://cdn.prod.website-files.com/67b86eb1f718fa2c5be225e4/695296a1ba1a2dd9011d4892_erik-solberg-pincho-nation.jpg,assets/testimonials/695296a1ba1a2dd9011d4892_erik-solberg-pincho-nation.jpg,exists
testimonials,R.E.N. Group,User Profile Photo,https://cdn.prod.website-files.com/67b86eb1f718fa2c5be225e4/6952835e85820fe8bb1d845b_Anders-Nilsson-REN%20Group.png,assets/testimonials/6952835e85820fe8bb1d845b_Anders-Nilsson-REN_Group.png,exists
testimonials,Shooters biljard & restaurang,User Profile Photo,https://cdn.prod.website-files.com/67b86eb1f718fa2c5be225e4/694a435517622c3be47e5af8_Martin-Jansson.jpg,assets/testimonials/694a435517622c3be47e5af8_Martin-Jansson.jpg,exists
testimonials,Shooters biljard & restaurang,Company Logo (Primary),https://cdn.prod.website-files.com/67b86eb1f718fa2c5be225e4/694a479611fd9c53a25ccd38_user-shooters-restaurang.png,assets/testimonials/694a479611fd9c53a25ccd38_user-shooters-restaurang.png,exists
testimonials,SkiGeilo,User Profile Photo,https://cdn.prod.website-files.com/67b86eb1f718fa2c5be225e4/694abc1267d1c53d9c2f2369_mickael-cunillera.png,assets/testimonials/694abc1267d1c53d9c2f2369_mickael-cunillera.png,dup
testimonials,SkiGeilo,Company Logo (transparent),https://cdn.prod.website-files.com/67b86eb1f718fa2c5be225e4/694a4a006ebd29ca1eb8179e_user-skigeilo.png,assets/testimonials/694a4a006ebd29ca1eb8179e_user-skigeilo.png,dup
testimonials,SkiGeilo,Thumbnail for Customer Story,https://cdn.prod.website-files.com/67b86eb1f718fa2c5be225e4/694abb9af86c4dcbeedb0adf_Kikuttoppen-Vinbar-SkiGeilo.jpeg,assets/testimonials/694abb9af86c4dcbeedb0adf_Kikuttoppen-Vinbar-SkiGeilo.jpeg,dup
testimonials,Torika Gruppen,User Profile Photo,https://cdn.prod.website-files.com/67b86eb1f718fa2c5be225e4/694f850e9a7c3a31833d97d1_inga-andruskaite.png,assets/testimonials/694f850e9a7c3a31833d97d1_inga-andruskaite.png,dup
testimonials,Torika Gruppen,Company Logo (Primary),https://cdn.prod.website-files.com/67b86eb1f718fa2c5be225e4/694f851e5d150634df272bdd_torikagruppen-logo.png,assets/testimonials/694f851e5d150634df272bdd_torikagruppen-logo.png,exists
testimonials,Torika Gruppen,Company Logo (transparent),https://cdn.prod.website-files.com/67b86eb1f718fa2c5be225e4/694f85347ab034c3d2520028_user-torikagruppen.png,assets/testimonials/694f85347ab034c3d2520028_user-torikagruppen.png,dup
testimonials,Torika Gruppen,Thumbnail for Customer Story,https://cdn.prod.website-files.com/67b86eb1f718fa2c5be225e4/694f854929e929857ae7ab3b_torika-gruppen-spotlight.jpeg,assets/testimonials/694f854929e929857ae7ab3b_torika-gruppen-spotlight.jpeg,dup
testimonials,Y Restaurant,User Profile Photo,https://cdn.prod.website-files.com/67b86eb1f718fa2c5be225e4/695283b8a754a3e0423575eb_carlos-gutierrez.JPG,assets/testimonials/695283b8a754a3e0423575eb_carlos-gutierrez.JPG,exists
testimonials,byOSLO,User Profile Photo,https://cdn.prod.website-files.com/67b86eb1f718fa2c5be225e4/694adb48d2c5556747d31402_byOSLO_KIM%2BJAMA.jpeg,assets/testimonials/694adb48d2c5556747d31402_byOSLO_KIM_JAMA.jpeg,dup
testimonials,byOSLO,Company Logo (Primary),https://cdn.prod.website-files.com/67b86eb1f718fa2c5be225e4/694a4923f1f53efcd2db8e70_byoslo.png,assets/testimonials/694a4923f1f53efcd2db8e70_byoslo.png,exists
testimonials,byOSLO,Company Logo (transparent),https://cdn.prod.website-files.com/67b86eb1f718fa2c5be225e4/694a48efa2fa1f4af3515aed_byoslo-logo.png,assets/testimonials/694a48efa2fa1f4af3515aed_byoslo-logo.png,exists
testimonials,byOSLO,Thumbnail for Customer Story,https://cdn.prod.website-files.com/67b86eb1f718fa2c5be225e4/694abaf593e9117454ff5c43_byoslo_kim-and-jama.jpeg,assets/testimonials/694abaf593e9117454ff5c43_byoslo_kim-and-jama.jpeg,dup
