Company Name,Company Name (Slug),Collection ID,Locale ID,Item ID,Archived,Draft,Created On,Updated On,Published On,User,Designation/Position,Business Type,User Profile Photo,Company Logo (Primary),Company Logo (transparent),Thumbnail for Customer Story,Website,Article Title,One-liner testimonial,Featured Quote for Customer Story,Full Testimonial,Body Paragraph (1),Body Paragraph (2),3-Image Grid,Single Image Feature
Døgnvill Burger,dognvill-burger,69573c80295868ae9a9c5ba2,67b86eb1f718fa2c5be225bd,69573e4d80b725cd11a2c9d0,false,true,Fri Jan 02 2026 03:41:01 GMT+0000 (Coordinated Universal Time),Fri Jan 02 2026 09:39:30 GMT+0000 (Coordinated Universal Time),,Tarje Haakstad,Owner & General Manager,Restaurant,,,,,,Why Døgnvill Burger chose Stockifi for inventory and cost control,"""Without a doubt the best system we’ve tried!""","""It's without a doubt the best system we've tried. Counting is fast and accurate, and costs update automatically with current prices.""","“We use Stockifi for both inventory and cost tracking. It’s without a doubt the best system we’ve tried. Counting is fast and accurate, and costs update automatically with current prices. It saves us time and gives us full control. Plus, the support team is fantastic. We highly recommend Stockifi!”",,,,
Eik&Friends,eik-and-friends,69573c80295868ae9a9c5ba2,67b86eb1f718fa2c5be225bd,69573e4d0880683b88197be8,false,false,Fri Jan 02 2026 03:41:01 GMT+0000 (Coordinated Universal Time),Fri Jan 02 2026 09:24:19 GMT+0000 (Coordinated Universal Time),Fri Jan 02 2026 13:34:02 GMT+0000 (Coordinated Universal Time),Tom Victor Gausdal,Executive Head Chef,Restaurant,https://cdn.prod.website-files.com/67b86eb1f718fa2c5be225e4/69578bfdd902d65ced918501_tom-victor.jpeg,https://cdn.prod.website-files.com/67b86eb1f718fa2c5be225e4/694abc5eb8c6529a08242b48_eik-and-friends.png,https://cdn.prod.website-files.com/67b86eb1f718fa2c5be225e4/695281f9f5351c4fa6c3bdfe_user-eikandfriends.png,https://cdn.prod.website-files.com/67b86eb1f718fa2c5be225e4/69578c3af066353664f35951_Stallen-Selskapslokale-Eik%26Friends-3.jpeg,https://www.eikandfriends.no/,How Eik&Friends keeps control of 54 venues with Stockifi,"""Easy Recipe Management""","""Stockifi has made recipe building so easy. It keeps track of ingredient price changes and keeps my margins updated.”","""Stockifi has made recipe building so easy. It keeps track of ingredient price changes and keeps my margins updated, so I clearly can see when something needs to be adjusted. And we used to spend hours on stock counts in spreadsheets, but now the whole team finishes it in no time.""","<p>Eik&amp;Friends operates 54 restaurants, bars, nightclubs, and event spaces across Norway. For Executive Head Chef Tom Victor Gausdal, that means managing recipe portfolios across different concepts, each with its own suppliers and menu requirements. Before Stockifi, keeping their food costs under control meant spending hours in spreadsheets and reacting to price changes after they'd already impacted their margins.</p><p>‍</p><p>Stock counting was the biggest time drain. ""We used to spend hours on stock counts in spreadsheets,"" Tom explains. The whole team would work through manual data entry, double-checking numbers, and reconciling discrepancies. It pulled people away from actual operations and still left a lot of room for errors.</p><p>‍</p><p>The other challenge was staying ahead of ingredient price changes. When suppliers raised prices or made invoice mistakes, there was no early warning. By the time the numbers showed up in reports, margins had already taken the hit. Adjusting recipes meant playing catch-up instead of managing costs proactively.</p>","<p>With Stockifi, recipe building became straightforward. Ingredients, portions, and costs are tracked in one place, and price changes update automatically across the entire portfolio. ""It keeps track of ingredient price changes and keeps my margins updated, so I clearly can see when something needs to be adjusted,"" Tom says. That means he can take action before price increases eat into profitability.</p><p>‍</p><p>Stock counts that used to take hours are now done quickly. The team uses the app to log inventory, and everyone can participate without the usual spreadsheet headaches. ""Now the whole team finishes it in no time,"" Tom notes.</p><p>‍</p><p>For a restaurant group managing 54 locations, those efficiencies add up fast. Less time on admin work means more focus on operations. Proactive cost management means margins stay protected. And simplified recipe management means the system scales without adding complexity.</p><p>‍</p><p>Curious which of Oslo's restaurants are part of the EIK&amp;Friends family? You'd be surprised, with over 50 venues across Norway. From fine dining to natural wine bars, gastropubs, and neighborhood bistros, there's likely a spot you've already been to, or one waiting to be discovered. Browse the collection at <em>eikandfriends.no</em>.</p>",https://cdn.prod.website-files.com/67b86eb1f718fa2c5be225e4/69578e787ede59b848ed9686_eikandfriends.jpeg; https://cdn.prod.website-files.com/67b86eb1f718fa2c5be225e4/69578e7738fb82358c391666_eikandfriends-1.webp; https://cdn.prod.website-files.com/67b86eb1f718fa2c5be225e4/69578e778e3d113e2afb0783_eikandfriends-2.jpeg,https://cdn.prod.website-files.com/67b86eb1f718fa2c5be225e4/69578c3af066353664f35951_Stallen-Selskapslokale-Eik%26Friends-3.jpeg
Heim Gastropub,heim-gastropub,69573c80295868ae9a9c5ba2,67b86eb1f718fa2c5be225bd,69573e4d679c794fd4e75927,false,false,Fri Jan 02 2026 03:41:01 GMT+0000 (Coordinated Universal Time),Fri Jan 02 2026 16:33:32 GMT+0000 (Coordinated Universal Time),Fri Jan 02 2026 16:39:27 GMT+0000 (Coordinated Universal Time),Anja Skjævestad,Chief F&B Officer,Restaurant,https://cdn.prod.website-files.com/67b86eb1f718fa2c5be225e4/694a482de4202fb9f05d669b_anja-skj%C3%A6vestad.jpg,https://cdn.prod.website-files.com/67b86eb1f718fa2c5be225e4/694a483f6bd1da71d0f3b265_heim-1080x1080.png,https://cdn.prod.website-files.com/67b86eb1f718fa2c5be225e4/6957f351efcb4150333fd5bd_user-heimgastropub.png,https://cdn.prod.website-files.com/67b86eb1f718fa2c5be225e4/694abb4592784a24af0d86c5_heim-Lillehammer.jpg,https://www.heim.no/,How Heim Gastropub manages costs across 6 locations in just 20 minutes per week,"20 minutes a week, that’s it!","""Almost no time needed. It's so simple and keeps everything in order with minimal time spent.""","""Almost no time needed. By spending just 20 minutes a week on Stockifi, I can adjust our recipes and update all new sales articles across our 6 locations. It’s so simple and keeps everything in order with minimal time spent.""","<p>Twenty minutes. That's how long it takes Anja Skjævestad each week to manage recipe adjustments and menu updates to keep costs according to plan across six Heim Gastropub locations.</p><p>‍</p><p>As Chief F&amp;B Officer for Heim Group—part of the EIK&amp;Friends restaurant group—Anja oversees their six locations across Norway. Each venue has its own character tied to its city, but maintaining consistent food and beverage standards across them all used to require far more than 20 minutes of her time.</p><p>‍</p><p>Coordinating recipe updates across multiple sites used to require equal parts vigilance and detective work. Whenever ingredient prices shifted, they first had to notice it: supplier updates or cost deviations buried in invoices, and then manually adjust every affected recipe to keep Cost% calculations accurate.</p><p>‍</p>","<p>Before Stockifi, a single supplier increase on a core ingredient or a simple over-plating could quietly throw the entire month off. And uncovering the cause felt like searching for a needle in a very large haystack. Now those same tasks happen automatically in the background. Price changes are flagged instantly, recipes are updated with real costs, ingredient usage is tracked down to the last gram, and understanding why a location's margins have drifted no longer requires an investigation. Today, the work that once took hours happens during Anja's coffee break.</p><p>‍</p><p>Stockifi changed the math. ""By spending just 20 minutes a week on Stockifi, I can adjust our recipes and update all new sales articles across our 6 locations,"" Anja explains. One update pushes to all six sites simultaneously. Recipe adjustments happen once and apply everywhere. New sales articles get added to the system and immediately become available across the entire Heim network.</p><p>‍</p><p>The system doesn't just save time. It removes the mental overhead of wondering whether all locations are working from the same playbook. ""It's so simple and keeps everything in order with minimal time spent,"" Anja says. For someone overseeing food and beverage across multiple venues, that simplicity matters as much as the time savings.</p><p>‍</p><p>If you find yourself near any of Heim's six locations across Norway, stop in for a meal and don't leave without trying something from their well-curated beer list. They're known for their selection of craft beers from both Norwegian microbreweries and beyond. Find your nearest location at <em>heim.no</em>.</p>",https://cdn.prod.website-files.com/67b86eb1f718fa2c5be225e4/695791f906a349a518fe35fe_heim-1.jpg; https://cdn.prod.website-files.com/67b86eb1f718fa2c5be225e4/695791f807cd2784d24b4079_heim.jpg; https://cdn.prod.website-files.com/67b86eb1f718fa2c5be225e4/695791f8a1917378086ef63f_heim-3.jpg,https://cdn.prod.website-files.com/67b86eb1f718fa2c5be225e4/6957921632c590ea355b3e09_heim-gjovik-2.jpg
Kolpin,kolpin,69573c80295868ae9a9c5ba2,67b86eb1f718fa2c5be225bd,69573ff8f6ce7131099ff672,false,false,Fri Jan 02 2026 03:48:08 GMT+0000 (Coordinated Universal Time),Fri Jan 02 2026 09:39:46 GMT+0000 (Coordinated Universal Time),Fri Jan 02 2026 13:34:02 GMT+0000 (Coordinated Universal Time),Vicky Maahr Hansen,F&B Procurement Manager,Hotel,https://cdn.prod.website-files.com/67b86eb1f718fa2c5be225e4/694abab31d914ba13d4a4989_user-kolpin.png,https://cdn.prod.website-files.com/67b86eb1f718fa2c5be225e4/694abab31d914ba13d4a4989_user-kolpin.png,https://cdn.prod.website-files.com/67b86eb1f718fa2c5be225e4/694a4b06324aed9d67bcacba_user-kolpin-hotels.png,https://cdn.prod.website-files.com/67b86eb1f718fa2c5be225e4/694aba80c39723ae9d265f31_TATA_2025_DanielRasmussen-02382-K%C3%B8lpinHotels.jpg,https://www.hotelsanders.com,Why Kolpin chose Stockifi as their F&B partner,"""We're super happy to have them in our corner""","""Stockifi continues to impress us with both their product and their people, and we're super happy to have them in our corner.""","""Working with Stockifi has been a pleasure from day one. It was so easy to get started, and it’s clear that their team genuinely cares about their partners’ success. They are always available if we need any help, and the support we’ve received is always professional, responsive, and proactive. Stockifi continues to impress us with both their product and their people, and we’re super happy to have them in our corner.""","<p>Kolpin is a family-owned hospitality company spanning three generations, with properties built around a ""high-end &amp; low-key"" philosophy. For F&amp;B Procurement Manager Vicky Maahr Hansen, finding the right partner to manage food and beverage operations across the collection meant finding a team that understood hospitality at the same level Kolpin does.</p><p>""Working with Stockifi has been a pleasure from day one,"" Vicky says. ""It was so easy to get started, and it's clear that their team genuinely cares about their partners' success.""</p><p>Implementing new systems in hospitality can be challenging, especially across multiple properties. We handle the heavy lifting during onboarding, which includes importing item lists and recipes as well as setting up integrations with POS and accounting systems. A quick in-app training is available so new users don't spend weeks figuring things out on their own. For Kolpin, that meant less disruption and faster results.</p><p>‍</p>","<p id="""">What stood out beyond the product itself was the support. ""They are always available if we need any help, and the support we've received is always professional, responsive, and proactive,"" Vicky explains. In hospitality where timing matters and issues can't wait, access to a support team that responds quickly and anticipates needs makes a real difference.</p><p id="""">The partnership worked because of alignment in approach. Our team at Stockifi is responsive, detail-oriented, and genuinely invested in our partners' success, the same way Kolpin approaches hospitality. ""Stockifi continues to impress us with both their product and their people,"" Vicky adds. ""We're super happy to have them in our corner.""</p><p id="""">If you find yourself in Copenhagen, make time for a visit to Hotel Sanders. Enjoy their ""city jungle"" atmosphere at Sanders Courtyard, or stop by TATA, their cocktail bar located in extension of the Living Room. Check out <em id="""">hotelsanders.com </em>for more details.</p>",https://cdn.prod.website-files.com/67b86eb1f718fa2c5be225e4/6957448f88084dcbb967cfeb_Sanders_Juni_2025_DanielRasmussen-01604-K%C3%B8lpinHotels.jpg; https://cdn.prod.website-files.com/67b86eb1f718fa2c5be225e4/6957448fef0ad42efc113757_Ostersvogn_2025_DanielRasmussen-02987-K%C3%B8lpinHotels.jpg; https://cdn.prod.website-files.com/67b86eb1f718fa2c5be225e4/6957448f878d3c31b37e9872_HB_2025_DanielRasmussen-02314-K%C3%B8lpinHotels.jpg,https://cdn.prod.website-files.com/67b86eb1f718fa2c5be225e4/695744a4ea23d705aed7133e_K%C3%B8lpinHotels_0490-scaled.jpg
SkiGeilo,skigeilo,69573c80295868ae9a9c5ba2,67b86eb1f718fa2c5be225bd,69573e4dff87cc5654b722e4,false,false,Fri Jan 02 2026 03:41:01 GMT+0000 (Coordinated Universal Time),Fri Jan 02 2026 09:39:46 GMT+0000 (Coordinated Universal Time),Fri Jan 02 2026 13:34:02 GMT+0000 (Coordinated Universal Time),Mickael Cunillera,Executive Head Chef,Hotel,https://cdn.prod.website-files.com/67b86eb1f718fa2c5be225e4/694abc1267d1c53d9c2f2369_mickael-cunillera.png,,https://cdn.prod.website-files.com/67b86eb1f718fa2c5be225e4/694a4a006ebd29ca1eb8179e_user-skigeilo.png,https://cdn.prod.website-files.com/67b86eb1f718fa2c5be225e4/694abb9af86c4dcbeedb0adf_Kikuttoppen-Vinbar-SkiGeilo.jpeg,https://www.skigeilo.no/,SkiGeilo's approach to controlling costs across 8 kitchens on a mountain,"""Control over food cost and waste""","""Stockifi has not only saved us time and resources but also significantly boosted our overall productivity.""","""Stockifi has not only saved us time and resources but also significantly boosted our overall productivity. The app’s intuitive interface and powerful features give us complete control over food costs and inventory, ensuring efficient and accurate operations every day.""","<p>Running a kitchen on a mountain is not the same as running one in the city. At SkiGeilo, Executive Head Chef Mickael Cunillera oversees eight dining concepts spread across the ski resort. Each has its own menu and service style, ranging from fine dining to quick service for skiers between runs. They all operate differently, but require the same level of control over food costs and inventory.</p><p>‍</p><p>Managing multiple kitchens means knowing where costs stand, what needs ordering, and which ingredients are being overused—across every venue, not just one. When Mickael talks about Stockifi boosting productivity, he means having that information immediately available instead of spending time hunting it down. Profit leaks become visible without manually piecing together data from multiple sources.</p><p>‍</p><p>""The app's intuitive interface and powerful features give us complete control over food costs and inventory, ensuring efficient and accurate operations every day,"" Mickael says. That control matters most during ski season when all eight venues operate simultaneously and there's no margin for confusion about what costs are and whether they’re profitable.</p>","<p>Ski resorts also face constant staff turnover as seasonal workers rotate through. Getting new team members up to speed quickly on inventory and cost tracking systems matters when peak season leaves no room for extended training periods. Stockifi's interface makes that onboarding simple and straightforward to let staff contribute to efficient operations without needing weeks to learn the system.</p><p>‍</p><p>The time Stockifi saves goes back into their operations. Instead of reconciling data from multiple sources or tracking down discrepancies, Mickael and his team focus on what they're actually there to do, which is to run eight kitchens that serve thousands of guests throughout the season without losing sight of the numbers that keep the operation profitable.</p><p>‍</p><p>""Stockifi has not only saved us time and resources but also significantly boosted our overall productivity,"" Mickael says. For a resort managing eight kitchens on a mountain, that productivity translates directly into smoother operations throughout the season.</p><p>‍</p><p>If you're visiting Geilo, take a break at Vaffeltoppen for what locals call the best waffles on the mountain, served with spectacular views of Hallingskarvet. Or after a day on the slopes, head to Havsdalskroa for pizza and après-ski atmosphere on weekends. Find out more at <em>skigeilo.no</em>.</p>",https://cdn.prod.website-files.com/67b86eb1f718fa2c5be225e4/69578f7eef0ad42efc1881b6_halstensgard_kaf_skigeilo.jpeg; https://cdn.prod.website-files.com/67b86eb1f718fa2c5be225e4/69578f7ea0ca534c8a969036_Vennegjeng_skigeilo.jpeg; https://cdn.prod.website-files.com/67b86eb1f718fa2c5be225e4/69578f7e39a9f8b7c24a0b90_Kikuttoppen-Vinbar-SkiGeilo-cropped.jpeg,https://cdn.prod.website-files.com/67b86eb1f718fa2c5be225e4/6957903e2f0bcbb61096b066_kikut_bistro_skigeilo2.jpeg
Torika Gruppen,torika-gruppen,69573c80295868ae9a9c5ba2,67b86eb1f718fa2c5be225bd,69573eee8c3983a0abe48f1d,false,false,Fri Jan 02 2026 03:43:42 GMT+0000 (Coordinated Universal Time),Fri Jan 02 2026 13:01:41 GMT+0000 (Coordinated Universal Time),Fri Jan 02 2026 13:34:02 GMT+0000 (Coordinated Universal Time),Inga Andruskaite,Managing Director,Restaurant,https://cdn.prod.website-files.com/67b86eb1f718fa2c5be225e4/694f850e9a7c3a31833d97d1_inga-andruskaite.png,,https://cdn.prod.website-files.com/67b86eb1f718fa2c5be225e4/694f85347ab034c3d2520028_user-torikagruppen.png,https://cdn.prod.website-files.com/67b86eb1f718fa2c5be225e4/694f854929e929857ae7ab3b_torika-gruppen-spotlight.jpeg,https://torika.no,Stabilized margins and efficient routine for Torika Gruppen,"“A fantastic system, highly recommended!”","""The margin ratio has increased significantly and stabilized, because it is now super easy to track price changes and adjust menu prices accordingly.""","""We are incredibly happy with Stockifi! The program is very user-friendly, clear and easy to work with - and it just keeps getting better and better. It is clear that there is a great focus on continuous development and improvement. Thanks to Stockify, inventory counting has become a simple and efficient routine for us, and we are finally able to deliver all reports to the accountant right after the end of the month - which saves us both time and stress. The margin ratio (MGR) has increased significantly and stabilized, because it is now super easy to track price changes and adjust menu prices accordingly. All in all: A fantastic solution that we are incredibly happy to use - Stockify really makes a difference in our everyday lives! Highly recommended!""","<p>For Inga Andruskaite, Managing Director of Torika Gruppen, month-end used to mean stress. Inventory counting dragged on, reports took days to compile, and delivering financials for the month usually ran late. The next month had already started by the time everything was ready.<br></p><p>""Thanks to Stockifi, inventory counting has become a simple and efficient routine for us, and we are finally able to deliver all reports to the accountant right after the end of the month, which saves us both time and stress,"" Inga explains.<br></p><p>That shift from delayed to immediate reporting came from making inventory counting faster and more accurate. What used to be a tedious process that required double-checking and manual compilation became straightforward. The team completes counts quickly, and the system generates reports ready for accounting without additional work.</p><p>‍</p>","<p>But the bigger impact showed up in the margins. ""The margin ratio has increased significantly and stabilized,"" Inga notes. That stabilization came from visibility into ingredient overuse and supplier price changes. When suppliers adjust ingredient costs, Stockifi makes it immediately clear. Torika can track those changes and make adjustments before margins erode.</p><p>""It is now super easy to track price changes and adjust menu prices accordingly,"" Inga says. That proactive approach replaced the old reactive cycle of discovering margin problems only after they'd already affected profitability.<br></p><p>The system itself keeps improving. ""The program is very user-friendly, clear and easy to work with, and it just keeps getting better and better each month,"" Inga adds. ""It is clear that there is a great focus on continuous development and improvement.""</p><p>For Torika Gruppen, Stockifi not only solved specific operational problems but also changed how the business runs day-to-day. ""A fantastic solution that we are incredibly happy to use. Stockifi really makes a difference in our everyday lives. Highly recommended!""<br></p><p>Next time you're in Oslo, stop by Stock in Barcode for their take on Norwegian cuisine using ingredients from their own farm. The Basque cheesecake alone is worth the trip. Torika Gruppen also operates Centropa, Kafe Oslo, and Kaffoteket across the city. Learn more about their venues at <em>torika.no</em>.</p><p>‍</p>",https://cdn.prod.website-files.com/67b86eb1f718fa2c5be225e4/6957455c5d05996572eaa091_torika-1-cropped.jpeg; https://cdn.prod.website-files.com/67b86eb1f718fa2c5be225e4/6957455c8c3983a0abe512fe_torika-3-cropped.jpeg; https://cdn.prod.website-files.com/67b86eb1f718fa2c5be225e4/6957455cefcb415033273b90_torika-4.webp,https://cdn.prod.website-files.com/67b86eb1f718fa2c5be225e4/6957457e7cb9123c2cf33cd0_torika-2.webp
byOSLO,byoslo,69573c80295868ae9a9c5ba2,67b86eb1f718fa2c5be225bd,69573e4de2943bf15273f719,false,false,Fri Jan 02 2026 03:41:01 GMT+0000 (Coordinated Universal Time),Fri Jan 02 2026 14:44:35 GMT+0000 (Coordinated Universal Time),Fri Jan 02 2026 15:39:27 GMT+0000 (Coordinated Universal Time),Kim Søyland & Jama Awaleh,Co-Founders & Managing Partners,Restaurant,https://cdn.prod.website-files.com/67b86eb1f718fa2c5be225e4/694adb48d2c5556747d31402_byOSLO_KIM%2BJAMA.jpeg,https://cdn.prod.website-files.com/67b86eb1f718fa2c5be225e4/695746016e7fa600f1f4451e_byoslo.png,https://cdn.prod.website-files.com/67b86eb1f718fa2c5be225e4/6957460ccaded0b472d9ad90_user-byoslo.png,https://cdn.prod.website-files.com/67b86eb1f718fa2c5be225e4/694abaf593e9117454ff5c43_byoslo_kim-and-jama.jpeg,https://www.byoslo.com,"What's ""just"" a 2% margin increase worth? byOSLO found out","""2% more profits""","""It's more than just an inventory tool. Stockifi provides insights that help us focus on profit-driving areas.""","""Thanks to Stockifi, our profit margins have increased by 2%! It’s more than just an inventory tool - it provides insights that help us focus on profit-driving areas. For us, it’s fully automated, registering all purchases and sales directly from our accounting system and our POS.""","<p>When Kim Søyland and Jama Awaleh founded byOslo, they built it around a vision of restoring historic Oslo buildings and turning them into venues that combine daily restaurant operations with event and conference spaces. Today, they manage nine locations across central Oslo, each with its own concept and revenue model. That dual-stream business of regular service plus venue rental creates operational complexity that requires sharp financial visibility.</p><p>‍</p><p>Before Stockifi, tracking costs meant manual processes and delayed insights. By the time reports arrived, opportunities to adjust had already passed. Kim and Jama needed a system that could keep pace with their operation's speed and scale.</p><p>‍</p><p>Stockifi delivered that through full automation. It connects directly to byOslo's accounting and POS systems, processing all purchases and sales automatically. No manual data entry. No reconciliation gaps. Just real-time cost tracking that reflects what's actually happening across all venues.</p><p>‍</p>","<p id="""">""For us, it's fully automated, registering all purchases and sales directly from our accounting system and our POS,"" Kim and Jama explain. That automation freed up time previously spent on administrative work and gave them immediate visibility into cost patterns and profit drivers.</p><p id="""">‍</p><p id="""">The results showed up quickly. ""Thanks to Stockifi, our profit margins have increased by 2%,"" they report. In the restaurant industry where margins are notoriously thin, a 2% improvement is significant. That gain came from having the right information at the right time to make better operational decisions.</p><p id="""">‍</p><p id="""">""It's more than just an inventory tool, it provides insights that help us focus on profit-driving areas,"" Kim and Jama add. The system is not limited to only tracking their inventory. It reveals where lost profitability lives across the business to help them direct their attention and resources where they matter most.</p><p id="""">‍</p><p id="""">For the team at byOslo, automation was not about replacing work but about doing better work. The time they saved on manual tracking now goes into making smarter decisions for their current nine venues. A number that we at Stockifi bet will be higher in the not-so-distant future.</p><p id="""">‍</p><p id="""">Next time you're in Oslo, visit their new place Libertine Vannkunsten in Bjørvika and enjoy modern dishes with inspiration from French and Nordic cuisine. Or if you're planning something bigger, Oslo Event Hub is their dedicated venue for conferences and gatherings. Explore their full collection at <em>byoslo.com</em>.</p><p id="""">‍</p>",https://cdn.prod.website-files.com/67b86eb1f718fa2c5be225e4/6957466fddeba803b89bf3e2_byOSLO_BA3_2.webp; https://cdn.prod.website-files.com/67b86eb1f718fa2c5be225e4/69574668b72d7a90eb2fa760_byOSLO_Libertine_1.webp; https://cdn.prod.website-files.com/67b86eb1f718fa2c5be225e4/6957466a64b5f215ca192296_byOSLO_Michaels_02.webp,https://cdn.prod.website-files.com/67b86eb1f718fa2c5be225e4/69574687d0cd06ea97a22f92_byOslo.webp
SkiGeilo,skigeilo-2,69573c80295868ae9a9c5ba2,67b86eb1f718fa2c5be225bd,6a01d443466048287065a0ac,false,false,Mon May 11 2026 13:06:11 GMT+0000 (Coordinated Universal Time),Mon May 11 2026 13:38:28 GMT+0000 (Coordinated Universal Time),Mon May 11 2026 13:50:26 GMT+0000 (Coordinated Universal Time),Tommy Verpe,F&B Manager,Hotel,https://cdn.prod.website-files.com/67b86eb1f718fa2c5be225e4/6a01b117f991a81629a1fbd1_Skigeilo%20copy.jpg,https://cdn.prod.website-files.com/67b86eb1f718fa2c5be225e4/694a4a006ebd29ca1eb8179e_user-skigeilo.png,https://cdn.prod.website-files.com/67b86eb1f718fa2c5be225e4/694a4a006ebd29ca1eb8179e_user-skigeilo.png,https://cdn.prod.website-files.com/67b86eb1f718fa2c5be225e4/6a01b154e86488c9e735bcef_Vennegjeng_GH_08564_Foto_Paul_Lockhart.jpg.webp,https://www.skigeilo.no/,"How Stockifi saved SkiGeilo 46,000 NOK on a single invoice",,"""That single alert alone paid for the system many times over.""","""A 46,000 NOK error on one invoice is exactly the kind of thing that’s easy to miss when you're busy running day-to-day operations. Stockifi caught it automatically, notified us, and we were able to recover the full amount from the supplier. That single alert alone paid for the system many times over. And this was just one item, on one invoice, from one supplier. We’re incredibly happy to have Stockifi in our corner, reviewing every invoice line so nothing slips through.""","<p>At a mountain resort like SkiGeilo, goods are coming in around the clock. Across eight dining venues running through a full ski season, invoices arrive constantly from multiple suppliers, and trust is built into the process. Most of the time, you trust that what's been charged is what was agreed. You have too much else to manage to scrutinize every line.</p><p>‍</p><p>That's exactly the environment where an error like this goes unnoticed. A supplier had charged SkiGeilo a dramatically inflated price on a single item. The invoice had already gone through. The charge had already landed. And without Stockifi monitoring price patterns across their purchasing data, it would have stayed that way.</p><p>‍</p><p>The system flagged it as an unusual spike, and Tommy Verpe's team got notified. They pulled the invoice, investigated the discrepancy, and took it back to the supplier. The full 46,000 NOK was recovered.</p>","<p>""A 46,000 NOK error on one invoice is exactly the kind of thing that's easy to miss when you're busy running day-to-day operations,"" Tommy says. </p><p>‍</p><p>""Stockifi caught it automatically, notified us, and we were able to recover the full amount from the supplier. That single alert alone paid for the system many times over. And this was just one item, on one invoice, from one supplier. We're incredibly happy to have Stockifi in our corner, reviewing every invoice line so nothing slips through.""</p><p>‌</p><p>SkiGeilo runs one of Norway's busiest mountain resorts, and the eight venues don't slow down through the season. For them, this was one line on one invoice. The question any operator should ask is how many they've already missed.</p>",https://cdn.prod.website-files.com/67b86eb1f718fa2c5be225e4/6a01d2b6a03d7fcd5a45ac8c_Kikuttoppen-Vinbar-SkiGeilo-cropped.webp; https://cdn.prod.website-files.com/67b86eb1f718fa2c5be225e4/6a01d2b5ce3c1e9fb2b8ffa3_halstensgard_kaf_skigeilo.webp; https://cdn.prod.website-files.com/67b86eb1f718fa2c5be225e4/6a01d2b535f743b3ac0ae370_Vennegjeng_skigeilo.webp,https://cdn.prod.website-files.com/67b86eb1f718fa2c5be225e4/6a01d434ce3c1e9fb2b95b9a_Kikut_Bistro_GH_09235_1920_Foto_Paul_Lockhart.jpg.webp
Koie Ramen,koie-ramen,69573c80295868ae9a9c5ba2,67b86eb1f718fa2c5be225bd,69eee23979459e6a0f335c46,false,false,Mon Apr 27 2026 04:12:41 GMT+0000 (Coordinated Universal Time),Sat May 23 2026 04:33:22 GMT+0000 (Coordinated Universal Time),Sat May 23 2026 04:45:13 GMT+0000 (Coordinated Universal Time),Tim Homer,Owner,Restaurant,https://cdn.prod.website-files.com/67b86eb1f718fa2c5be225e4/69edd3eea8047f8b5ddc21f8_koie-ramen-sq.png,https://cdn.prod.website-files.com/67b86eb1f718fa2c5be225e4/69edd3f31620b85f62b8e194_koie-ramen-ls.png,https://cdn.prod.website-files.com/67b86eb1f718fa2c5be225e4/69eee86339ee429ea5910fe0_koie-ramen-ls2.png,https://cdn.prod.website-files.com/67b86eb1f718fa2c5be225e4/69edd4498989b549c07cf98d_koie-ramen-thumbnail1.png,https://koieramen.no/,How Koie Ramen keeps food costs on track across five locations,,"""I can see which locations are on track and which still need work, down to the specific ingredient. That's the visibility every restaurant group should have.""","""Since we started with Stockifi, our food costs have been moving in the right direction every month. I can see which locations are on track and which still need work, down to the specific ingredient. That's the visibility every restaurant group should have.""","<p>""Since we started with Stockifi, our food costs have been moving in the right direction every month.""</p><p>Koie Ramen started on Torggata in Oslo and grew to five locations across Norway and Sweden. Tim Homer has been at the helm through all of it, building a ramen concept precise enough to hold the same standard across every kitchen in two countries. Keeping the financial picture just as tight across the group was a harder problem to solve.</p><p>Costs across multiple locations in two countries don't improve without knowing where the problems are: which location is on track, which is pulling costs up, and exactly what is driving it. That picture simply didn't exist at group level.</p>","<p>Stockifi connected the picture across all five sites. And once it did, the team knew exactly where to act. Food costs that had been drifting started moving in the right direction.</p><p>""I can see which locations are on track and which still need work, down to the specific ingredient,"" Tim says. ""That's the visibility every restaurant group should have.""</p><p>The improvement has been consistent month over month. And for a group that has always known what goes into each bowl, now the numbers are just as clear.</p><p>Next time you're in Oslo, stop by Torggata or their spot by the Munch museum in Bjørvika. If you find yourself in Trondheim or Gothenburg, they're there too. No bookings, so be sure to come early to beat the queue. Find your nearest location at koieramen.no.</p>",https://cdn.prod.website-files.com/67b86eb1f718fa2c5be225e4/69edd5e5cc601b24301706bc_Koie_0919_0457.jpg; https://cdn.prod.website-files.com/67b86eb1f718fa2c5be225e4/69edd5ee93a9558e96f0cba8_614858580_18526467088071735_6570306014468921293_n.jpg; https://cdn.prod.website-files.com/67b86eb1f718fa2c5be225e4/69edd5e6dc0e51fde5814337_Koie_0919_0381.jpg,https://cdn.prod.website-files.com/67b86eb1f718fa2c5be225e4/69eee1ed4674c823a997b763_Koie_0919_0296.jpg
Schnitzelei Group,schnitzelei,69573c80295868ae9a9c5ba2,67b86eb1f718fa2c5be225bd,69ccbd42f2a0311372c2bdf6,false,false,Wed Apr 01 2026 06:37:54 GMT+0000 (Coordinated Universal Time),Sat May 23 2026 04:42:27 GMT+0000 (Coordinated Universal Time),Sat May 23 2026 04:45:13 GMT+0000 (Coordinated Universal Time),Stefan Schneck,Owner,Restaurant,https://cdn.prod.website-files.com/67b86eb1f718fa2c5be225e4/69ccb9bf377b78a3c6cc5dda_stefan.schneck1.png,https://cdn.prod.website-files.com/67b86eb1f718fa2c5be225e4/69ccbb836c3236e8003afdd6_logo.schnitzelei.bg.png,https://cdn.prod.website-files.com/67b86eb1f718fa2c5be225e4/69ccbb3d01e67ece530063ff_logo.schnitzelei.png,https://cdn.prod.website-files.com/67b86eb1f718fa2c5be225e4/69ccbbe18611e835d4685975_schnitzelei.mitte.jpg,https://www.schnitzelei.de,From unclear numbers to full visibility across Schnitzelei locations,,"“We got visibility on where the money goes, and that changes how we run the business.”","“I like how clearly the system shows where things don’t add up, and how quickly you can act on it. From there, it’s straightforward to correct recipes and get everything aligned across locations. We got visibility on where the money goes, and that changes how we run the business.”","<p>For Stefan Schneck, running multiple restaurant locations meant relying on recipes that are supposed to reflect how dishes are actually prepared. Their portions were defined and costs were calculated, so on paper everything looked consistent across the group.</p><p>‍</p><p>Over time, though, the numbers started to drift and recipes didn’t always reflect actual usage. At first, it could have been explained by day-to-day operations. But the insights from Stockifi pointed somewhere else.&nbsp;</p><p>‍</p><p>The issue became clear once these differences showed up in the reports. “I like how clearly the system shows where things don’t add up, and how quickly you can act on it.”&nbsp;</p><p>‍</p><p>The reports pointed directly to the dishes and ingredients that needed attention. Instead of reviewing everything at a high level, he could focus on the specific areas where setup and usage didn’t match. On one of their key dishes, a portion that was set at 250 grams in the recipe turned out to be closer to 310–320 grams in actual use once preparation was taken into account. That difference alone had a clear impact on the cost of the dish.</p><p>‍</p><p>“From there, it’s straightforward to correct recipes and get everything aligned across locations”, says Stefan.</p>","<p>They started by updating recipe quantities and fixing how ingredients were linked across locations. With those changes in place, the numbers began to reflect what was actually happening in the kitchens.</p><p>‍</p><p>“We got visibility on where the money goes, and that changes how we run the business.” That made it easier for them to understand how each dish was performing and where costs were coming from. Decisions that previously relied on assumptions could now be made based on accurate data.</p><p>‍</p><p>For Stefan and the team, the value is in having one clear view across the group. Next time you find yourself in Berlin, stop by Schnitzelei in Wilmersdorf, Charlottenburg, or Mitte for their take on German classics, or learn more about the group at <em>schnitzelei.de</em>. </p>",https://cdn.prod.website-files.com/67b86eb1f718fa2c5be225e4/69ccbd2a67e0e80c1cb1b902_schnitzelei.2.jpg; https://cdn.prod.website-files.com/67b86eb1f718fa2c5be225e4/69ccbd2a2a92b0614edecc5b_schnitzelei.outdoor.jpg; https://cdn.prod.website-files.com/67b86eb1f718fa2c5be225e4/69ccbd2a49eb1851c9aa5f03_schnitzelei.3.jpg,https://cdn.prod.website-files.com/67b86eb1f718fa2c5be225e4/69ccbbe18611e835d4685975_schnitzelei.mitte.jpg
